_uid_,id,longitude,latitude,initialdate,days,year,month,air_level_1000,air_level_975,air_level_950,air_level_925,air_level_900,air_level_875,air_level_850,air_level_825,air_level_800,air_level_775,air_level_750,air_level_725,air_level_700,air_level_650,air_level_600,air_level_550,air_level_500,air_level_450,air_level_400,air_level_350,air_level_300,air_level_275,air_level_250,air_level_225,air_level_200,air_level_175,air_level_150,air_level_125,air_level_100,hgt_level_1000,hgt_level_975,hgt_level_950,hgt_level_925,hgt_level_900,hgt_level_875,hgt_level_850,hgt_level_825,hgt_level_800,hgt_level_775,hgt_level_750,hgt_level_725,hgt_level_700,hgt_level_650,hgt_level_600,hgt_level_550,hgt_level_500,hgt_level_450,hgt_level_400,hgt_level_350,hgt_level_300,hgt_level_275,hgt_level_250,hgt_level_225,hgt_level_200,hgt_level_175,hgt_level_150,hgt_level_125,hgt_level_100,omega_level_1000,omega_level_975,omega_level_950,omega_level_925,omega_level_900,omega_level_875,omega_level_850,omega_level_825,omega_level_800,omega_level_775,omega_level_750,omega_level_725,omega_level_700,omega_level_650,omega_level_600,omega_level_550,omega_level_500,omega_level_450,omega_level_400,omega_level_350,omega_level_300,omega_level_275,omega_level_250,omega_level_225,omega_level_200,omega_level_175,omega_level_150,omega_level_125,omega_level_100,tke_level_1000,tke_level_975,tke_level_950,tke_level_925,tke_level_900,tke_level_875,tke_level_850,tke_level_825,tke_level_800,tke_level_775,tke_level_750,tke_level_725,tke_level_700,tke_level_650,tke_level_600,vwnd_level_1000,vwnd_level_975,vwnd_level_950,vwnd_level_925,vwnd_level_900,vwnd_level_875,vwnd_level_850,vwnd_level_825,vwnd_level_800,vwnd_level_775,vwnd_level_750,vwnd_level_725,vwnd_level_700,vwnd_level_650,vwnd_level_600,vwnd_level_550,vwnd_level_500,vwnd_level_450,vwnd_level_400,vwnd_level_350,vwnd_level_300,vwnd_level_275,vwnd_level_250,vwnd_level_225,vwnd_level_200,vwnd_level_175,vwnd_level_150,vwnd_level_125,vwnd_level_100
962780.0,2028103.0,-2071305.5258705856,2897904.39507357,2002-11-01,3,2002,11,296.97064208984375,295.02410888671875,293.10296630859375,291.3353271484375,289.74212646484375,288.302734375,286.46966552734375,284.5653076171875,282.674560546875,281.9159851074219,283.09857177734375,284.012451171875,283.56121826171875,280.40399169921875,275.7602844238281,271.4158630371094,266.3414306640625,260.8326110839844,255.30677795410156,249.35626220703125,241.7498321533203,236.83535766601562,232.0650634765625,226.8332061767578,221.3485565185547,214.64857482910156,207.20098876953125,202.5192108154297,198.86187744140625,131.505859375,354.5969543457031,580.1505126953125,810.187255859375,1045.09033203125,1284.4677734375,1530.1259765625,1780.408203125,2037.4892578125,2299.978759765625,2572.067626953125,2854.1376953125,3146.739013671875,3760.03564453125,4412.1103515625,5110.22265625,5862.0859375,6676.01953125,7566.5234375,8553.96875,9663.875,10273.96875,10928.0078125,11636.56640625,12410.2578125,13263.1015625,14214.890625,15307.1484375,16617.0,-0.11305427551269531,-0.058106958866119385,-0.0175628662109375,0.010607719421386719,0.034142494201660156,0.046250343322753906,0.044859886169433594,0.027111053466796875,-0.0010976791381835938,-0.03548908233642578,-0.07016658782958984,-0.09733200073242188,-0.11797904968261719,-0.13641643524169922,-0.12180519104003906,-0.10292243957519531,-0.09983634948730469,-0.11307048797607422,-0.1133871078491211,-0.09276866912841797,-0.06769943237304688,-0.05721855163574219,-0.05105781555175781,-0.049736976623535156,-0.03576374053955078,-0.042264342308044434,-0.06285357475280762,-0.06619322299957275,-0.0507129430770874,0.5,0.4000000059604645,0.25,0.25,0.25,0.25,0.25,0.25,0.25,0.25,0.20000000298023224,0.20000000298023224,0.20000000298023224,0.20897254347801208,0.1999986618757248,-0.1756439208984375,-0.127960205078125,-0.0034027099609375,-0.20672607421875,-0.477691650390625,-1.1058349609375,-1.687591552734375,-2.64349365234375,-3.6729888916015625,-4.513092041015625,-4.064697265625,-3.051788330078125,-2.4906005859375,-2.7596435546875,-2.653350830078125,-1.3966522216796875,-2.4505767822265625,-4.54400634765625,-7.1706085205078125,-10.76629638671875,-13.727508544921875,-15.1925048828125,-16.178146362304688,-16.375839233398438,-18.715484619140625,-20.412994384765625,-16.3388671875,-9.516021728515625,-5.268890380859375
962946.0,2028462.0,-639425.6756252925,2415204.307504607,2002-11-02,2,2002,11,297.17266845703125,295.0095520019531,292.8406982421875,290.9341735839844,289.8171691894531,288.3603515625,286.64910888671875,285.1150817871094,283.61041259765625,282.15948486328125,280.897216796875,281.17291259765625,279.93048095703125,278.5576171875,275.6981201171875,272.6559143066406,268.2417907714844,262.53125,256.08062744140625,248.81976318359375,241.11251831054688,236.752685546875,232.1840057373047,226.58468627929688,220.91795349121094,214.57408142089844,207.78567504882812,201.49037170410156,198.86477661132812,134.4827880859375,356.2583312988281,581.6536254882812,811.08154296875,1045.9912109375,1285.552490234375,1531.0048828125,1782.154296875,2040.32080078125,2304.126220703125,2575.339599609375,2854.7880859375,3144.28271484375,3751.900634765625,4401.89404296875,5101.078125,5859.46484375,6678.79296875,7573.4375,8561.30859375,9666.8359375,10275.78515625,10930.16015625,11638.9140625,12411.1015625,13263.125,14215.93359375,15308.28515625,16611.8203125,-0.0069672465324401855,0.020958900451660156,0.05080127716064453,0.08181953430175781,0.10966968536376953,0.1279439926147461,0.16562843322753906,0.2168598175048828,0.26371288299560547,0.2985420227050781,0.29024219512939453,0.26196956634521484,0.23807811737060547,0.19124317169189453,0.09316539764404297,-0.04243755340576172,-0.12953472137451172,-0.12668895721435547,-0.12092113494873047,-0.09258747100830078,-0.036101341247558594,-0.008453369140625,0.015381813049316406,0.035483360290527344,0.037278175354003906,0.015077590942382812,-0.0010662078857421875,0.004087269306182861,0.003498852252960205,0.75,0.75,1.0,0.25,0.25,0.25,0.25,0.25,0.25,0.25,0.25,0.20000000298023224,0.20000000298023224,0.19998379051685333,0.19909906387329102,-1.3738250732421875,-1.4325714111328125,-1.459228515625,-0.9824371337890625,0.4885101318359375,0.1063232421875,0.1510467529296875,1.546417236328125,3.7370147705078125,5.001983642578125,4.2658538818359375,1.86004638671875,-0.409423828125,-2.8553314208984375,-3.35223388671875,-3.8090362548828125,-3.5493621826171875,-3.9123382568359375,-5.563568115234375,-6.477569580078125,-6.8592681884765625,-7.68365478515625,-9.284866333007812,-8.607177734375,-8.281295776367188,-9.815048217773438,-10.596359252929688,-11.749710083007812,-6.6861724853515625
1015403.0,2028453.0,-947480.1157435256,2651867.6585427737,2002-11-12,10,2002,11,296.39337158203125,294.25714111328125,291.885986328125,290.5048828125,289.79132080078125,288.59588623046875,287.3458251953125,286.0890197753906,284.77197265625,283.39569091796875,282.00238037109375,280.6047058105469,278.8832092285156,277.1899719238281,276.52740478515625,272.912353515625,268.2296142578125,263.043701171875,256.785888671875,250.05247497558594,242.46214294433594,237.2039337158203,231.90292358398438,225.83226013183594,219.565673828125,212.49639892578125,205.5966796875,197.32681274414062,196.9278106689453,151.0760040283203,372.6448669433594,597.0035400390625,825.893310546875,1060.718505859375,1300.49267578125,1546.631103515625,1798.216796875,2057.460205078125,2322.55078125,2594.62353515625,2875.021728515625,3163.586181640625,3768.03369140625,4418.6484375,5121.52734375,5877.9921875,6698.984375,7596.484375,8587.80078125,9701.046875,10312.234375,10967.2421875,11674.12109375,12442.93359375,13287.58203125,14232.3046875,15307.703125,16586.4296875,0.029062926769256592,0.010960578918457031,0.0101470947265625,0.03442668914794922,0.06872367858886719,0.10982513427734375,0.14825820922851562,0.2003622055053711,0.2683887481689453,0.3504791259765625,0.44588279724121094,0.5223312377929688,0.5579824447631836,0.4428119659423828,0.1920757293701172,0.005440711975097656,-0.10567092895507812,-0.1702747344970703,-0.21215343475341797,-0.1602773666381836,-0.05459117889404297,-0.0521315336227417,-0.08186382055282593,-0.09002906084060669,-0.0854756236076355,-0.09840422868728638,-0.12114036083221436,-0.0808148980140686,-0.021672308444976807,0.5,0.75,0.5,0.25,0.25,0.20000000298023224,0.20000000298023224,0.20000000298023224,0.20000000298023224,0.20000000298023224,0.20000000298023224,0.20000000298023224,0.20000000298023224,0.18153706192970276,0.19930848479270935,-1.716033935546875,-1.5467987060546875,-1.38385009765625,0.133880615234375,0.9170989990234375,0.37744140625,-0.402984619140625,-1.267730712890625,-1.93865966796875,-2.41656494140625,-2.435394287109375,-1.1949310302734375,1.4226226806640625,4.84619140625,2.5035858154296875,-0.3502044677734375,-0.2278594970703125,1.07525634765625,3.5870513916015625,1.6907958984375,-7.939910888671875,-10.31988525390625,-9.354629516601562,-8.61993408203125,-8.127700805664062,-8.07867431640625,-10.266952514648438,-5.430023193359375,0.0401458740234375
1015405.0,2028456.0,-847026.2619968667,2578319.643638571,2002-11-13,11,2002,11,296.67657470703125,294.90313720703125,293.1385498046875,291.30029296875,289.4312744140625,288.2767333984375,287.14068603515625,285.77105712890625,284.9151916503906,285.10235595703125,284.5873107910156,283.79632568359375,282.84149169921875,280.13201904296875,277.315673828125,273.8714294433594,269.11474609375,263.20587158203125,256.8519592285156,249.74729919433594,241.16664123535156,236.35768127441406,231.61070251464844,225.7588348388672,219.81187438964844,212.41433715820312,205.2389373779297,199.5738525390625,197.05783081054688,139.2871551513672,362.40496826171875,587.5897216796875,817.827880859375,1052.3115234375,1291.208984375,1537.155029296875,1788.293212890625,2046.689697265625,2312.0654296875,2586.78515625,2869.559814453125,3161.888916015625,3774.54443359375,4428.3955078125,5131.3671875,5890.3359375,6711.58984375,7609.07421875,8599.9765625,9709.3671875,10317.79296875,10970.9296875,11677.68359375,12446.84765625,13291.70703125,14233.66015625,15313.47265625,16605.8984375,-0.10512375831604004,-0.1275768280029297,-0.1306600570678711,-0.08623981475830078,-0.03304481506347656,-0.012951850891113281,-0.010191917419433594,-0.037166595458984375,-0.07460308074951172,-0.09037113189697266,-0.08202838897705078,-0.07326221466064453,-0.07725811004638672,-0.0786752700805664,-0.090484619140625,-0.08734416961669922,-0.0689401626586914,-0.06345844268798828,-0.03809547424316406,-0.011652946472167969,-0.009016990661621094,0.013428688049316406,0.07089614868164062,0.09725475311279297,0.0805521011352539,0.049963951110839844,0.02039623260498047,-0.028522610664367676,-0.03193974494934082,0.5,0.375,0.25,0.625,0.25,0.25,0.25,0.25,0.25,0.25,0.25,0.20000000298023224,0.20000000298023224,0.20293168723583221,0.1999974250793457,-4.550537109375,-4.509246826171875,-2.8161773681640625,-1.6709442138671875,-1.9441375732421875,-3.6810302734375,-4.7006378173828125,-4.4307098388671875,-2.6141815185546875,-0.9115753173828125,-0.1657867431640625,0.6549072265625,1.3493194580078125,1.76556396484375,1.6088409423828125,2.1578521728515625,1.245330810546875,2.47802734375,3.1893768310546875,-1.10833740234375,-1.4571990966796875,-5.79681396484375,-15.434417724609375,-16.981781005859375,-14.202423095703125,-13.258544921875,-11.082183837890625,-8.146499633789062,-5.1262054443359375
1015387.0,2028460.0,-842592.7910932377,2527119.2988440334,2002-11-01,9,2002,11,296.65814208984375,294.72723388671875,292.57171630859375,290.9134521484375,288.61712646484375,288.037109375,286.62591552734375,284.8934326171875,283.362060546875,282.6503601074219,283.08294677734375,283.324951171875,282.46746826171875,279.62274169921875,275.8071594238281,271.4939880371094,266.3258056640625,261.0044860839844,255.11927795410156,248.85626220703125,241.4529571533203,236.56973266601562,231.8150634765625,226.5832061767578,221.2235565185547,214.57044982910156,207.90411376953125,203.0660858154297,199.44000244140625,122.505859375,345.0969543457031,570.6505126953125,800.187255859375,1033.59033203125,1272.4677734375,1518.1259765625,1768.908203125,2026.4892578125,2289.978759765625,2562.067626953125,2844.1376953125,3135.739013671875,3746.53564453125,4398.1103515625,5096.22265625,5847.0859375,6661.01953125,7552.0234375,8537.46875,9645.875,10254.96875,10909.0078125,11616.56640625,12389.2578125,13241.6015625,14194.890625,15290.6484375,16604.0,0.03538322448730469,0.06689304113388062,0.0957183837890625,0.11607646942138672,0.11617374420166016,0.0892190933227539,0.0682973861694336,0.050548553466796875,0.034058570861816406,0.02310466766357422,0.019677162170410156,0.004230499267578125,-0.012510299682617188,-0.03094768524169922,-0.03586769104003906,-0.03651618957519531,-0.009992599487304688,-0.02322673797607422,-0.058699607849121094,-0.06542491912841797,-0.06379318237304688,-0.06112480163574219,-0.06668281555175781,-0.07708072662353516,-0.07482624053955078,-0.07351434230804443,-0.07457232475280762,-0.054474472999572754,-0.031181693077087402,0.75,0.4000000059604645,0.25,0.5,1.0,0.25,0.25,0.25,0.25,0.25,0.20000000298023224,0.20000000298023224,0.20000000298023224,0.20897254347801208,0.1999986618757248,-2.8943939208984375,-3.065460205078125,-3.0815277099609375,-2.98797607421875,-3.008941650390625,-3.9339599609375,-4.046966552734375,-3.44036865234375,-2.1573638916015625,-0.419342041015625,-0.299072265625,-1.864288330078125,-3.6468505859375,-5.7908935546875,-5.637725830078125,-3.5060272216796875,-3.4349517822265625,-4.55963134765625,-5.1081085205078125,-7.64129638671875,-10.336883544921875,-11.0518798828125,-12.193771362304688,-13.750839233398438,-17.199859619140625,-19.834869384765625,-13.9638671875,-8.047271728515625,-4.581390380859375
1015405.0,2028456.0,-847026.2619968667,2578319.643638571,2002-11-03,11,2002,11,296.86285400390625,294.70465087890625,292.60125732421875,291.0587463378906,289.78485107421875,288.4342041015625,286.9632568359375,285.59661865234375,284.19598388671875,282.79473876953125,281.3587646484375,280.58941650390625,279.44781494140625,276.5032958984375,273.8281555175781,272.063232421875,267.9864196777344,263.3359680175781,257.971435546875,250.7332763671875,241.81089782714844,236.82046508789062,231.8968048095703,226.63607788085938,220.7027130126953,213.98365783691406,206.5150604248047,199.67076110839844,196.47085571289062,152.90087890625,374.95709228515625,600.275634765625,829.705322265625,1064.54931640625,1303.533935546875,1549.56787109375,1801.1025390625,2059.438720703125,2324.224365234375,2596.039794921875,2876.2138671875,3165.1328125,3771.021484375,4416.0927734375,5112.828125,5867.359375,6687.59375,7587.15234375,8583.0,9695.015625,10304.91015625,10959.53125,11667.703125,12439.47265625,13290.04296875,14238.55859375,15322.5,16612.79296875,-0.1081964373588562,-0.2007150650024414,-0.2804279327392578,-0.3136911392211914,-0.30458736419677734,-0.28256893157958984,-0.23847293853759766,-0.17528057098388672,-0.12314510345458984,-0.09288501739501953,-0.05956745147705078,-0.02722930908203125,-0.002758026123046875,0.03786277770996094,0.08316230773925781,0.11859416961669922,0.13328266143798828,0.14229869842529297,0.11374473571777344,0.052559852600097656,0.007762908935546875,0.017345428466796875,-0.03798961639404297,-0.11880302429199219,-0.1486043930053711,-0.13505077362060547,-0.0979146957397461,-0.0694778561592102,-0.040626704692840576,0.75,0.75,0.5,0.25,0.25,0.25,0.20000000298023224,0.25,0.25,0.25,0.20000000298023224,0.20000000298023224,0.20000000298023224,0.1863420456647873,0.19984808564186096,2.5388336181640625,2.4103546142578125,2.192718505859375,2.361724853515625,2.64373779296875,2.4825439453125,1.506195068359375,0.2448272705078125,-1.3645477294921875,-1.417938232421875,0.2700958251953125,1.3442535400390625,1.5730743408203125,-0.3390960693359375,-3.4435882568359375,-3.0928802490234375,-1.3447265625,-0.340606689453125,0.4644012451171875,-4.64935302734375,-13.942947387695312,-13.549728393554688,-13.89337158203125,-14.221481323242188,-14.38592529296875,-11.82867431640625,-7.60565185546875,-3.257659912109375,-1.514129638671875
1015403.0,2028453.0,-947480.1157435256,2651867.6585427737,2002-11-07,10,2002,11,296.7677001953125,294.6231384277344,293.11004638671875,291.780029296875,290.39678955078125,288.971435546875,287.46783447265625,285.90093994140625,284.27508544921875,282.77996826171875,283.47393798828125,285.8763427734375,284.2060546875,280.6061706542969,277.46063232421875,273.4848327636719,268.88348388671875,264.0195007324219,257.9264831542969,250.17047119140625,241.21583557128906,236.46246337890625,231.5144500732422,225.84217834472656,219.99752807617188,213.4781036376953,206.11863708496094,199.2296600341797,196.85418701171875,169.5400390625,391.84271240234375,617.0718383789062,847.15771484375,1082.280029296875,1323.10693359375,1568.688720703125,1820.191650390625,2078.61083984375,2342.61669921875,2615.05810546875,2898.3173828125,3192.71630859375,3805.949951171875,4460.5126953125,5164.03515625,5921.5703125,6744.77734375,7645.3828125,8640.1875,9749.50390625,10358.05078125,11011.390625,11717.44140625,12486.3046875,13334.84375,14281.75390625,15363.22265625,16652.27734375,0.011812210083007812,0.018388748168945312,0.0338134765625,0.06267833709716797,0.07923126220703125,0.11480998992919922,0.1548633575439453,0.1909008026123047,0.21984100341796875,0.24743270874023438,0.24631214141845703,0.20476245880126953,0.17248916625976562,0.15740966796875,0.11693000793457031,0.06608867645263672,0.021208763122558594,-0.03296184539794922,-0.057147979736328125,-0.04067707061767578,-0.019082069396972656,-0.009663581848144531,-0.011448860168457031,0.0062847137451171875,0.034308433532714844,0.02008819580078125,-0.02018415927886963,-0.03597897291183472,-0.020016014575958252,0.2750000059604645,0.25,0.25,0.25,0.25,0.25,0.25,0.20000000298023224,0.20000000298023224,0.20000000298023224,0.20000000298023224,0.25,0.25,0.1352405548095703,0.1999499499797821,-1.3156890869140625,-1.556396484375,-1.6354827880859375,-0.5490875244140625,-1.0294342041015625,-1.4780731201171875,-2.0324859619140625,-2.0612030029296875,-0.4744415283203125,0.708892822265625,-1.1133270263671875,-3.7748565673828125,-4.6550750732421875,-7.0499267578125,-7.989715576171875,-10.244033813476562,-9.003311157226562,-5.220977783203125,-2.48760986328125,-2.296600341796875,-3.547027587890625,-3.6366424560546875,-7.3473052978515625,-8.180191040039062,-6.5973968505859375,-4.0499114990234375,-3.3497161865234375,-4.914764404296875,-4.563446044921875
1015407.0,2028461.0,-843324.8716088553,2523853.95930135,2002-11-10,2,2002,11,296.71588134765625,294.74847412109375,293.2518310546875,291.8528747558594,290.434326171875,288.99847412109375,287.45501708984375,285.8646240234375,284.2889404296875,284.07281494140625,283.4806213378906,282.12615966796875,280.7464599609375,278.05828857421875,275.35369873046875,272.1339111328125,268.04693603515625,263.45355224609375,257.19769287109375,250.18077087402344,241.80990600585938,237.19815063476562,231.87672424316406,225.80111694335938,219.28797912597656,214.64060974121094,205.31948852539062,199.07571411132812,195.79541015625,148.267333984375,370.54412841796875,596.47900390625,827.0277099609375,1062.2373046875,1302.689697265625,1549.1533203125,1800.576904296875,2059.622802734375,2324.02099609375,2598.112060546875,2880.193359375,3170.0029296875,3778.207275390625,4427.51806640625,5126.57421875,5881.71875,6702.35546875,7600.9609375,8593.953125,9705.1015625,10315.6796875,10970.546875,11677.58984375,12443.90625,13296.03125,14241.45703125,15320.9921875,16607.0625,0.020005226135253906,0.0054931640625,-0.0025758743286132812,-0.01893138885498047,-0.027524948120117188,-0.004275321960449219,0.04404258728027344,0.104827880859375,0.12514209747314453,0.10641193389892578,0.08264923095703125,0.06172370910644531,0.046301841735839844,0.022185325622558594,0.0036268234252929688,0.005246162414550781,0.0010232925415039062,-0.011349678039550781,-0.012248039245605469,0.012997627258300781,0.039015769958496094,0.06013965606689453,0.062409400939941406,0.03769969940185547,-0.016872406005859375,-0.054779052734375,-0.03593254089355469,-0.003808319568634033,0.01401364803314209,0.625,0.25,0.25,0.25,0.25,0.25,0.25,0.25,0.25,0.25,0.25,0.25,0.25,0.13942551612854004,0.19984492659568787,-1.7567596435546875,-1.637298583984375,-0.1192169189453125,1.2962188720703125,2.362213134765625,2.9440155029296875,3.4780426025390625,3.5225677490234375,2.4241485595703125,2.33135986328125,3.125030517578125,4.1083984375,5.1910858154296875,7.126129150390625,8.671966552734375,8.444549560546875,6.476165771484375,4.5301055908203125,4.436737060546875,4.83306884765625,6.8614959716796875,8.688995361328125,9.027145385742188,7.0733184814453125,5.78973388671875,5.4289093017578125,5.119781494140625,6.867706298828125,4.999908447265625
1015329.0,2027925.0,-2063211.307254928,1508194.644561319,2002-11-19,7,2002,11,293.8278503417969,292.3621826171875,290.6770324707031,290.00408935546875,289.6674499511719,288.41326904296875,287.2161560058594,285.97210693359375,284.6764221191406,283.30596923828125,281.90484619140625,280.425537109375,278.9100646972656,275.69146728515625,272.9399719238281,272.1158447265625,269.1270751953125,265.0190124511719,258.70050048828125,250.5166015625,243.81024169921875,239.43316650390625,234.54519653320312,228.81480407714844,221.6785888671875,214.08734130859375,206.4758758544922,199.2584991455078,195.15875244140625,121.9619140625,342.42633056640625,565.6910400390625,793.811767578125,1027.49169921875,1267.16162109375,1513.38671875,1765.2373046875,2023.815185546875,2289.19580078125,2561.823486328125,2842.056884765625,3130.8173828125,3735.491455078125,4379.4111328125,5077.78515625,5833.95703125,6661.75,7565.94140625,8562.12890625,9678.11328125,10294.05078125,10955.99609375,11671.63671875,12448.4375,13301.3359375,14250.19140625,15332.77734375,16617.546875,-0.079090416431427,0.0033548474311828613,0.08117103576660156,0.12714862823486328,0.14090347290039062,0.15819740295410156,0.17336463928222656,0.19154644012451172,0.2134389877319336,0.2359151840209961,0.2603111267089844,0.27576446533203125,0.28629589080810547,0.28506946563720703,0.22728443145751953,0.14325428009033203,0.10581111907958984,0.1284017562866211,0.0737009048461914,0.07550716400146484,0.11705493927001953,0.09441661834716797,0.08258914947509766,0.09110832214355469,0.10126590728759766,0.07460784912109375,0.03460502624511719,0.006920933723449707,-0.002525806427001953,0.5,0.25,0.25,0.25,0.25,0.25,0.25,0.20000000298023224,0.25,0.25,0.25,0.20000000298023224,0.20000000298023224,0.19966010749340057,0.19999714195728302,-0.312103271484375,-0.14691162109375,0.966461181640625,2.1893463134765625,2.3871612548828125,2.3406524658203125,2.0810394287109375,1.7493743896484375,1.4322967529296875,1.179840087890625,1.0162200927734375,0.866729736328125,0.59857177734375,-0.633148193359375,-2.7943115234375,-3.7002410888671875,0.1910400390625,2.7644195556640625,-3.755523681640625,-1.8002471923828125,-0.77398681640625,0.902130126953125,2.245208740234375,3.562530517578125,3.4771270751953125,4.4674835205078125,1.545745849609375,-1.3734130859375,0.11041259765625
1015329.0,2027925.0,-2063211.307254928,1508194.644561319,2002-11-16,7,2002,11,297.53460693359375,295.3836364746094,293.64990234375,292.1360168457031,291.11376953125,289.71673583984375,288.0821533203125,286.5171813964844,285.03717041015625,283.61474609375,282.29071044921875,280.83880615234375,279.18719482421875,276.52178955078125,275.64447021484375,274.349853515625,270.2333984375,264.783447265625,259.56695556640625,252.19332885742188,242.98936462402344,237.58897399902344,231.8305206298828,226.07809448242188,220.4641571044922,214.87620544433594,207.65328979492188,201.95408630371094,197.09158325195312,95.59864807128906,318.09130859375,543.9434814453125,774.562744140625,1009.998291015625,1251.322021484375,1498.482421875,1750.734130859375,2010.05712890625,2275.711181640625,2548.09423828125,2828.74072265625,3117.2607421875,3721.8017578125,4369.14453125,5071.26171875,5832.59765625,6657.8984375,7563.3203125,8565.4140625,9683.875,10296.2734375,10951.7421875,11658.23828125,12428.2265625,13280.62890625,14234.0625,15326.12109375,16628.7109375,0.08369922637939453,0.15350914001464844,0.20499897003173828,0.2121896743774414,0.18038463592529297,0.11020374298095703,0.05140876770019531,0.029575347900390625,0.04028511047363281,0.0842123031616211,0.12131977081298828,0.14293766021728516,0.16659927368164062,0.2355813980102539,0.3271341323852539,0.3574647903442383,0.3186149597167969,0.2446146011352539,0.21781063079833984,0.2025928497314453,0.1586294174194336,0.15267086029052734,0.13648128509521484,0.12982845306396484,0.09708595275878906,0.050858497619628906,0.033687591552734375,0.015175282955169678,-0.0005756616592407227,0.25,0.25,0.25,0.25,0.25,0.25,0.25,0.25,0.25,0.20000000298023224,0.20000000298023224,0.20000000298023224,0.20000000298023224,0.19750766456127167,0.19987335801124573,-3.1958160400390625,-3.2588348388671875,-3.40692138671875,-2.791168212890625,-1.158233642578125,-0.37481689453125,0.6490936279296875,1.738006591796875,2.7279510498046875,3.1591033935546875,3.3111572265625,3.0697021484375,2.438507080078125,-0.156036376953125,-2.7214508056640625,-3.329559326171875,-5.8964996337890625,-4.9654083251953125,-1.5507965087890625,0.0847930908203125,-3.750701904296875,-0.4510650634765625,1.1812591552734375,3.6265716552734375,4.7604217529296875,1.5913238525390625,-0.5157928466796875,-0.2402191162109375,-1.4387664794921875
1015410.0,2028465.0,-627625.3965030019,2343480.3025747784,2002-11-20,4,2002,11,296.35223388671875,294.2020568847656,292.0439147949219,290.19854736328125,288.8784484863281,287.4043273925781,285.865966796875,284.23046875,282.6495056152344,281.1795654296875,279.789306640625,280.78631591796875,280.409423828125,277.80181884765625,274.3829345703125,271.29547119140625,267.7353515625,262.3631591796875,256.7227783203125,251.5848846435547,243.31512451171875,238.41612243652344,233.2393798828125,227.99362182617188,221.8772430419922,214.43545532226562,206.51670837402344,198.14064025878906,196.00303649902344,128.0166015625,350.4981384277344,574.9827880859375,804.25048828125,1037.0283203125,1276.488037109375,1521.46875,1771.494140625,2028.1435546875,2291.3896484375,2561.1298828125,2839.5224609375,3129.717041015625,3736.978759765625,4384.41796875,5079.70703125,5833.40625,6651.8125,7546.75,8541.265625,9660.17578125,10274.33203125,10932.9765625,11644.9296875,12421.56640625,13274.9609375,14225.01953125,15305.3046875,16585.53515625,0.10163092613220215,0.08350467681884766,0.06335639953613281,0.04989433288574219,0.01903533935546875,0.0014104843139648438,0.025084495544433594,0.057231903076171875,0.09064865112304688,0.13390159606933594,0.18169498443603516,0.19890594482421875,0.1998577117919922,0.19948196411132812,0.22322940826416016,0.24915313720703125,0.2620067596435547,0.24328041076660156,0.22100067138671875,0.18021488189697266,0.046878814697265625,0.04784679412841797,0.031905174255371094,0.0060138702392578125,0.0010491013526916504,0.02109760046005249,0.04413795471191406,0.05181831121444702,0.03962123394012451,0.5249999761581421,0.5,0.5,0.25,0.25,0.20000000298023224,0.20000000298023224,0.20000000298023224,0.25,0.20000000298023224,0.25,0.25,0.25,0.19435206055641174,0.199920654296875,-2.7194671630859375,-2.6475067138671875,-2.5267333984375,-1.6741485595703125,0.710357666015625,0.0796661376953125,-1.6014862060546875,-3.300018310546875,-3.088836669921875,-1.302215576171875,1.2665252685546875,2.40570068359375,1.880950927734375,-0.2886505126953125,-1.23614501953125,-1.5175018310546875,-2.196258544921875,-2.938812255859375,-6.8417205810546875,-6.300872802734375,1.3574371337890625,1.1507415771484375,1.0552520751953125,0.707366943359375,-1.92413330078125,-4.1814422607421875,-0.9467010498046875,2.2679901123046875,-1.702362060546875
1015329.0,2027925.0,-2063211.307254928,1508194.644561319,2002-11-26,7,2002,11,297.9664306640625,296.129638671875,294.72625732421875,293.37646484375,291.7298583984375,290.0552062988281,288.340576171875,286.6363830566406,285.3673400878906,285.014404296875,284.5977478027344,283.02398681640625,281.33526611328125,277.78955078125,275.49658203125,273.79937744140625,270.26824951171875,265.70263671875,259.337158203125,251.87673950195312,244.24708557128906,239.73326110839844,234.52838134765625,228.8644256591797,222.7917938232422,215.39501953125,207.75436401367188,199.54519653320312,194.06790161132812,91.25553894042969,314.4566345214844,541.2650146484375,772.94287109375,1009.5029296875,1251.478515625,1499.254638671875,1751.475830078125,2010.02001953125,2276.597412109375,2551.76611328125,2834.550048828125,3125.551025390625,3734.789794921875,4383.86669921875,5084.69140625,5845.25,6672.19921875,7579.50390625,8578.84375,9698.90625,10315.5859375,10978.06640625,11693.30078125,12473.04296875,13329.984375,14285.0390625,15372.609375,16654.76953125,-0.019223034381866455,-0.015614509582519531,-0.014021873474121094,-0.0075054168701171875,0.0159759521484375,0.05991172790527344,0.11189937591552734,0.14295196533203125,0.148162841796875,0.14086627960205078,0.13881492614746094,0.1318359375,0.12495040893554688,0.09311580657958984,0.06337261199951172,0.041909217834472656,0.028871536254882812,-0.0042324066162109375,-0.015273094177246094,-0.025033950805664062,-0.04609107971191406,-0.04066181182861328,-0.02231311798095703,0.0070705413818359375,0.012890815734863281,-0.01639556884765625,-0.0341949462890625,-0.00227510929107666,-0.005502283573150635,0.25,0.20000000298023224,0.25,0.25,0.25,0.25,0.25,0.25,0.25,0.25,0.25,0.25,0.25,0.22149699926376343,0.1923905313014984,-5.55859375,-5.7966461181640625,-4.8617095947265625,-2.5777130126953125,-0.8628997802734375,1.05462646484375,2.6327056884765625,2.136474609375,0.6603851318359375,-0.3933868408203125,-1.2406158447265625,-2.55108642578125,-3.506439208984375,-2.81854248046875,-2.83563232421875,-2.4416351318359375,-4.3944854736328125,-9.430526733398438,-10.32952880859375,-6.222930908203125,-1.4276885986328125,-1.262786865234375,1.7921295166015625,4.05938720703125,5.819976806640625,6.2554931640625,5.18328857421875,8.101715087890625,10.760223388671875
1015064.0,2028108.0,-881646.0279006764,1157022.1107774663,2002-11-25,0,2002,11,298.98248291015625,296.75921630859375,294.53692626953125,292.71307373046875,291.5408630371094,289.80889892578125,288.39154052734375,287.56890869140625,286.6936950683594,285.4205322265625,284.016357421875,282.52734375,280.99957275390625,278.56915283203125,275.8689270019531,272.32452392578125,269.2889709472656,264.71502685546875,259.23651123046875,251.83798217773438,244.1888885498047,239.06201171875,233.6729736328125,227.2261962890625,220.45941162109375,214.6356964111328,209.3748321533203,203.05455017089844,196.10377502441406,92.56787109375,315.65863037109375,542.4501953125,773.87109375,1009.87109375,1251.67041015625,1498.755859375,1751.699951171875,2011.74072265625,2279.664794921875,2553.9130859375,2836.79833984375,3127.730224609375,3737.75244140625,4389.15771484375,5089.09375,5846.734375,6672.27734375,7575.73046875,8576.0703125,9696.8203125,10312.7578125,10972.7265625,11684.45703125,12456.5234375,13306.97265625,14263.60546875,15365.67578125,16670.00390625,0.023856163024902344,0.0736541748046875,0.10500431060791016,0.10513782501220703,0.11342239379882812,0.12456417083740234,0.13425636291503906,0.1353912353515625,0.1284646987915039,0.12284469604492188,0.12351703643798828,0.11708354949951172,0.11826038360595703,0.1374950408935547,0.18269920349121094,0.24516773223876953,0.2955770492553711,0.3572349548339844,0.3532590866088867,0.21883869171142578,0.030029296875,0.019666671752929688,0.07610702514648438,0.13819217681884766,0.169344961643219,0.16210776567459106,0.1100420355796814,0.05879896879196167,0.02292919158935547,1.149999976158142,2.325000047683716,2.25,0.5,0.25,0.25,0.25,0.25,0.20000000298023224,0.25,0.20000000298023224,0.25,0.20000000298023224,0.12312421947717667,0.1999802589416504,-3.5735015869140625,-3.6113128662109375,-3.4911346435546875,-3.0027313232421875,-1.8769073486328125,-0.67779541015625,1.850494384765625,1.67413330078125,2.6548309326171875,4.3609161376953125,5.7052154541015625,7.027008056640625,8.336822509765625,8.792526245117188,2.7347564697265625,-1.13214111328125,-0.3017120361328125,-6.1972808837890625,-7.2772064208984375,-1.3280487060546875,4.83447265625,6.7049713134765625,8.998916625976562,11.353591918945312,12.3682861328125,11.154342651367188,3.637786865234375,-0.8140869140625,-0.586944580078125
1015329.0,2027925.0,-2063211.307254928,1508194.644561319,2002-11-02,7,2002,11,294.06329345703125,291.9470520019531,290.6531982421875,290.4497985839844,290.0359191894531,288.8916015625,287.63348388671875,286.3494567871094,285.01666259765625,283.62823486328125,282.178466796875,280.67291259765625,279.08673095703125,275.9482421875,273.0262451171875,270.4840393066406,269.2261657714844,262.96875,256.56500244140625,249.88226318359375,241.64376831054688,236.643310546875,231.5746307373047,226.17843627929688,220.21482849121094,214.40220642089844,209.20755004882812,204.36537170410156,198.42727661132812,120.9827880859375,341.7583312988281,564.6536254882812,793.08154296875,1026.9912109375,1267.552490234375,1514.0048828125,1766.154296875,2025.32080078125,2290.626220703125,2563.339599609375,2844.2880859375,3133.28271484375,3738.400634765625,4382.89404296875,5078.578125,5829.96484375,6653.29296875,7549.9375,8540.80859375,9651.3359375,10260.78515625,10914.66015625,11621.4140625,12391.6015625,13241.125,14196.93359375,15300.78515625,16617.8203125,0.13756400346755981,0.22408390045166016,0.30861377716064453,0.4060382843017578,0.48076343536376953,0.5302877426147461,0.5484409332275391,0.5527973175048828,0.5488691329956055,0.5329170227050781,0.5168046951293945,0.5119695663452148,0.5115156173706055,0.48811817169189453,0.49550914764404297,0.5122499465942383,0.3899965286254883,0.29518604278564453,0.28923511505126953,0.24725627899169922,0.1748361587524414,0.163421630859375,0.1325693130493164,0.047202110290527344,-0.044753074645996094,-0.06695365905761719,-0.03622245788574219,-0.08575648069381714,-0.1097823977470398,1.0,0.25,0.25,0.25,0.25,0.25,0.25,0.25,0.25,0.25,0.25,0.20000000298023224,0.20000000298023224,0.19998379051685333,0.19909906387329102,-1.7800750732421875,-1.6356964111328125,0.478271484375,5.3613128662109375,6.5353851318359375,6.2938232421875,4.8385467529296875,3.108917236328125,1.8151397705078125,0.923858642578125,0.6408538818359375,0.62567138671875,0.512451171875,-0.0897064208984375,0.17901611328125,-2.1840362548828125,-6.5337371826171875,-5.4435882568359375,-3.782318115234375,-2.430694580078125,0.0313568115234375,2.44134521484375,5.4495086669921875,9.564697265625,10.203079223632812,6.0443267822265625,3.5755157470703125,5.9377899169921875,5.0169525146484375
1015326.0,2027922.0,-1388739.323725952,1374996.954872446,2002-11-07,2,2002,11,294.1427001953125,292.2012634277344,291.56317138671875,290.998779296875,289.92803955078125,288.721435546875,287.49908447265625,286.36968994140625,285.36883544921875,284.31121826171875,283.03643798828125,281.6107177734375,280.2060546875,277.3249206542969,274.36688232421875,272.2192077636719,268.78973388671875,264.9882507324219,258.9577331542969,251.31109619140625,241.76271057128906,236.63433837890625,231.3582000732422,225.12342834472656,221.35690307617188,214.5093536376953,205.27488708496094,199.3702850341797,196.99481201171875,137.0400390625,357.34271240234375,581.0718383789062,810.15771484375,1045.280029296875,1284.60693359375,1531.688720703125,1783.691650390625,2043.11083984375,2309.11669921875,2583.05810546875,2864.8173828125,3155.21630859375,3762.949951171875,4411.5126953125,5110.03515625,5867.5703125,6691.77734375,7598.3828125,8596.6875,9710.50390625,10320.05078125,10973.390625,11676.94140625,12448.8046875,13302.84375,14250.25390625,15328.22265625,16618.77734375,-0.0077190399169921875,0.014482498168945312,-0.0052490234375,-0.03888416290283203,-0.06139373779296875,-0.05315876007080078,-0.03654289245605469,-0.012224197387695312,0.01671600341796875,0.048213958740234375,0.08224964141845703,0.11882495880126953,0.16467666625976562,0.23944091796875,0.2575550079345703,0.23405742645263672,0.1735525131225586,-0.013430595397949219,-0.11183547973632812,-0.07583332061767578,-0.007363319396972656,0.02939891815185547,0.03542613983154297,-0.0054340362548828125,-0.07116031646728516,-0.06194305419921875,0.003253340721130371,0.022614777088165283,0.011233985424041748,0.6499999761581421,0.5,0.25,0.25,0.25,0.25,0.25,0.20000000298023224,0.20000000298023224,0.20000000298023224,0.20000000298023224,0.25,0.25,0.1352405548095703,0.1999499499797821,-4.1750640869140625,-4.931396484375,-7.0573577880859375,-5.8303375244140625,-4.5294342041015625,-3.3218231201171875,-2.2356109619140625,-1.2799530029296875,-0.7088165283203125,-0.619232177734375,-0.8008270263671875,-1.1967315673828125,-1.7019500732421875,-2.0811767578125,-1.020965576171875,-3.6034088134765625,-6.3001861572265625,-8.455352783203125,-9.50323486328125,-9.124725341796875,-7.187652587890625,-6.4491424560546875,-7.8316802978515625,-8.445816040039062,-6.3786468505859375,-8.565536499023438,-8.537216186523438,-3.805389404296875,-2.844696044921875
166.0,2151915.0,-868697.5881317515,1209027.554446964,2002-11-24,0,2002,11,292.99810791015625,290.9312744140625,288.7872619628906,287.49920654296875,289.8202209472656,289.369384765625,288.18359375,286.93280029296875,285.61572265625,284.26080322265625,282.75726318359375,281.1348571777344,279.6324768066406,277.06146240234375,273.90765380859375,270.9815979003906,267.28955078125,262.8121643066406,257.70367431640625,251.03932189941406,244.08782958984375,240.1155548095703,234.6741943359375,228.48846435546875,221.32691955566406,213.8441162109375,208.83819580078125,198.91299438476562,194.57815551757812,124.69686889648438,343.89788818359375,565.5595703125,792.198974609375,1024.763427734375,1265.36669921875,1512.883544921875,1765.307373046875,2025.244384765625,2291.415283203125,2565.1806640625,2846.1572265625,3135.996826171875,3743.21484375,4390.70947265625,5087.2578125,5840.671875,6661.328125,7560.171875,8557.828125,9675.14453125,10291.76953125,10954.99609375,11670.6953125,12447.18359375,13296.5625,14250.40625,15341.62109375,16620.14453125,0.017620384693145752,0.07491117715835571,0.1272411346435547,0.1452493667602539,0.10504436492919922,0.07829093933105469,0.07553768157958984,0.08678340911865234,0.11485767364501953,0.15715789794921875,0.2187213897705078,0.2900581359863281,0.3427267074584961,0.38176822662353516,0.3311424255371094,0.2374248504638672,0.15915966033935547,0.047987937927246094,-0.21122455596923828,-0.42276954650878906,-0.2539081573486328,-0.08589935302734375,0.09212589263916016,0.23146742582321167,0.2824864983558655,0.24806159734725952,0.14633363485336304,0.0698656439781189,0.0486370325088501,1.0,0.7749999761581421,0.875,0.5,0.25,0.25,0.25,0.25,0.25,0.25,0.25,0.25,0.25,0.1434171199798584,0.19987812638282776,-3.7816162109375,-3.8911590576171875,-3.6327972412109375,-2.10577392578125,0.852813720703125,1.8650970458984375,2.08758544921875,2.1923980712890625,2.377899169921875,2.48089599609375,2.39892578125,2.358856201171875,2.7446441650390625,4.5430755615234375,6.85308837890625,5.906005859375,3.3514862060546875,-0.614288330078125,-1.5677032470703125,-3.9730224609375,0.8226165771484375,3.60906982421875,6.0915679931640625,9.40374755859375,12.701187133789062,14.237640380859375,7.842620849609375,4.7975311279296875,-1.255767822265625
1015329.0,2027925.0,-2063211.307254928,1508194.644561319,2002-11-07,7,2002,11,293.2833251953125,291.2168884277344,290.71942138671875,290.576904296875,290.08428955078125,289.112060546875,287.90533447265625,286.52593994140625,285.36883544921875,284.32684326171875,283.13018798828125,281.7200927734375,280.2060546875,277.0280456542969,273.69500732421875,271.7035827636719,268.69598388671875,264.9257507324219,259.2233581542969,251.60797119140625,241.95021057128906,236.93121337890625,231.5769500732422,225.63905334472656,220.91940307617188,214.3843536376953,205.36863708496094,198.7765350341797,196.52606201171875,144.0400390625,363.34271240234375,586.5718383789062,815.15771484375,1049.780029296875,1289.60693359375,1536.688720703125,1789.191650390625,2049.11083984375,2315.11669921875,2589.05810546875,2871.3173828125,3161.71630859375,3769.449951171875,4417.0126953125,5114.53515625,5870.5703125,6696.77734375,7600.8828125,8601.1875,9715.50390625,10325.55078125,10979.890625,11685.44140625,12456.3046875,13309.34375,14255.25390625,15333.72265625,16620.27734375,0.08212471008300781,0.08870124816894531,0.0963134765625,0.16424083709716797,0.19251251220703125,0.17730998992919922,0.1470508575439453,0.09715080261230469,0.03234100341796875,-0.033817291259765625,-0.07009410858154297,-0.07648754119873047,-0.050167083740234375,0.05584716796875,0.1989612579345703,0.3395261764526367,0.4157400131225586,0.3693819046020508,0.3022270202636719,0.22885417938232422,0.15279293060302734,0.10361766815185547,0.06276988983154297,0.04144096374511719,-0.0008478164672851562,-0.03459930419921875,-0.008465409278869629,0.018708527088165283,0.003421485424041748,0.824999988079071,0.75,0.5,0.25,0.25,0.25,0.25,0.20000000298023224,0.20000000298023224,0.20000000298023224,0.20000000298023224,0.25,0.25,0.1352405548095703,0.1999499499797821,-5.7063140869140625,-5.447021484375,-4.9479827880859375,-5.0490875244140625,-4.9513092041015625,-4.5718231201171875,-4.0012359619140625,-3.4518280029296875,-2.9275665283203125,-2.259857177734375,-1.6289520263671875,-1.6967315673828125,-1.8425750732421875,-2.4405517578125,-2.802215576171875,-4.1815338134765625,-8.034561157226562,-9.970977783203125,-9.86260986328125,-7.593475341796875,-6.109527587890625,-6.9647674560546875,-8.456680297851562,-10.070816040039062,-8.800521850585938,-6.2217864990234375,-5.5372161865234375,-2.352264404296875,-3.094696044921875
164.0,2151912.0,-867244.899369705,1209818.3296263798,2002-11-18,0,2002,11,295.0918273925781,293.0790710449219,291.373291015625,290.2843017578125,290.2070617675781,289.38995361328125,288.2337341308594,287.0289306640625,285.78155517578125,284.45281982421875,283.0588684082031,281.6063232421875,280.0655517578125,276.75006103515625,273.16619873046875,271.9794616699219,269.35858154296875,267.0103454589844,259.7373046875,252.5784149169922,243.24853515625,238.60646057128906,233.43008422851562,229.0611572265625,222.7843780517578,214.8651580810547,207.8856201171875,199.238037109375,194.13157653808594,91.170654296875,311.42181396484375,535.2508544921875,764.051025390625,998.614013671875,1239.6953125,1486.70263671875,1739.224365234375,1998.491455078125,2265.84326171875,2539.32666015625,2821.18505859375,3110.7431640625,3718.2421875,4363.9375,5061.6875,5818.65234375,6649.125,7559.84765625,8562.1328125,9682.828125,10297.1796875,10956.61328125,11669.703125,12451.16015625,13306.015625,14259.50390625,15347.8046875,16627.98046875,-0.03939300775527954,-0.02173614501953125,-0.01762104034423828,-0.03794384002685547,-0.03826332092285156,-0.02640247344970703,-0.0030965805053710938,0.02419567108154297,0.047466278076171875,0.06836891174316406,0.08009052276611328,0.07751655578613281,0.05248260498046875,-0.037555694580078125,-0.13158321380615234,-0.12549781799316406,-0.01992511749267578,0.20586395263671875,0.35699462890625,0.2724599838256836,0.01563739776611328,-0.1905660629272461,-0.3812398910522461,-0.4533672332763672,-0.3545417785644531,-0.2142210602760315,-0.0949394702911377,0.008025705814361572,0.01946568489074707,0.25,0.25,0.25,0.25,0.25,0.25,0.25,0.25,0.25,0.25,0.20000000298023224,0.25,0.25,0.214335635304451,0.19998674094676971,-2.5564422607421875,-2.4500885009765625,-1.0037078857421875,2.115814208984375,3.144866943359375,2.8936614990234375,2.2644805908203125,1.5946197509765625,0.9702301025390625,0.56256103515625,0.4210968017578125,0.6187286376953125,1.2361907958984375,3.267913818359375,6.06683349609375,6.894500732421875,4.458831787109375,-0.2898712158203125,-1.271240234375,4.126220703125,0.1141357421875,-0.183685302734375,-0.3323516845703125,-0.982269287109375,-0.7964630126953125,-2.35980224609375,-4.0258331298828125,-5.3016204833984375,-4.2559356689453125
22.0,2151616.0,-1437050.6068784192,1477656.4249777836,2002-11-01,2,2002,11,294.31439208984375,292.18035888671875,290.58734130859375,290.2259521484375,289.50775146484375,288.333984375,287.11029052734375,285.8621826171875,284.596435546875,283.2753601074219,281.87982177734375,280.481201171875,278.93621826171875,275.52899169921875,274.2446594238281,274.5564880371094,268.8726806640625,262.7388610839844,256.8692626953125,250.41876220703125,242.4529571533203,237.16348266601562,231.7838134765625,226.0050811767578,220.4423065185547,214.82044982910156,207.70098876953125,202.5192108154297,199.83062744140625,117.005859375,337.0969543457031,561.1505126953125,789.187255859375,1023.09033203125,1262.9677734375,1509.1259765625,1760.408203125,2019.4892578125,2284.478759765625,2557.067626953125,2837.1376953125,3126.239013671875,3730.53564453125,4374.1103515625,5076.72265625,5836.5859375,6657.01953125,7553.0234375,8545.96875,9659.875,10270.96875,10925.5078125,11632.06640625,12401.7578125,13254.1015625,14207.390625,15301.6484375,16613.0,0.1486644744873047,0.21533054113388062,0.2949371337890625,0.3465452194213867,0.34664249420166016,0.3157815933227539,0.2636098861694336,0.21070480346679688,0.1707773208618164,0.14810466766357422,0.13686466217041016,0.16438674926757812,0.2257709503173828,0.3518648147583008,0.29616355895996094,0.07676506042480469,0.04860115051269531,0.13692951202392578,0.1717691421508789,0.16504383087158203,0.14714431762695312,0.10684394836425781,0.08175468444824219,0.08698177337646484,0.08533000946044922,0.07882940769195557,0.06605267524719238,0.019744277000427246,-0.011650443077087402,0.75,0.25,0.25,0.25,0.25,0.25,0.25,0.25,0.25,0.25,0.20000000298023224,0.20000000298023224,0.20000000298023224,0.20897254347801208,0.1999986618757248,-5.5037689208984375,-6.112335205078125,-6.9721527099609375,-7.01922607421875,-7.102691650390625,-6.9183349609375,-6.453216552734375,-5.64349365234375,-4.4698638916015625,-2.950592041015625,-1.049072265625,1.057586669921875,2.2593994140625,-0.9002685546875,-8.528350830078125,-10.771652221679688,-6.9349517822265625,-3.88775634765625,-2.1706085205078125,-1.25067138671875,1.506866455078125,3.5106201171875,2.2437286376953125,1.2022857666015625,2.503265380859375,-2.272369384765625,3.5361328125,1.827728271484375,3.215484619140625
8.0,2151619.0,-2068574.050288195,1541290.5806379092,2002-11-10,1,2002,11,295.05963134765625,293.13909912109375,292.0643310546875,291.4153747558594,290.731201171875,289.51409912109375,288.28314208984375,287.0521240234375,285.7576904296875,284.44781494140625,283.1056213378906,281.64178466796875,280.1214599609375,276.96453857421875,274.08807373046875,272.1182861328125,268.43756103515625,264.09417724609375,258.49456787109375,251.80577087402344,243.23178100585938,238.05752563476562,232.20484924316406,225.72299194335938,219.25672912597656,213.73435974121094,206.83511352539062,201.02883911132812,196.76416015625,135.267333984375,356.54412841796875,580.47900390625,810.0277099609375,1045.7373046875,1285.689697265625,1533.1533203125,1785.576904296875,2046.122802734375,2312.02099609375,2586.112060546875,2867.693359375,3157.5029296875,3765.207275390625,4412.51806640625,5112.07421875,5867.71875,6692.35546875,7594.4609375,8594.453125,9714.1015625,10327.1796875,10984.046875,11691.08984375,12457.90625,13305.53125,14254.45703125,15342.4921875,16640.0625,0.1879739761352539,0.2750244140625,0.3294553756713867,0.37169361114501953,0.4060688018798828,0.4371309280395508,0.47763633728027344,0.514984130859375,0.5548295974731445,0.5946931838989258,0.6256179809570312,0.6554737091064453,0.6713018417358398,0.6589040756225586,0.585658073425293,0.5286836624145508,0.5322732925415039,0.5550565719604492,0.5424394607543945,0.4856538772583008,0.4491720199584961,0.42732715606689453,0.3788156509399414,0.31504344940185547,0.22922134399414062,0.117095947265625,0.014848709106445312,-0.03505831956863403,-0.02895510196685791,0.5,0.25,0.25,0.25,0.25,0.25,0.25,0.25,0.25,0.25,0.25,0.25,0.25,0.13942551612854004,0.19984492659568787,-2.9755096435546875,-3.309173583984375,-3.5567169189453125,-3.3600311279296875,-3.872161865234375,-3.8841094970703125,-3.5532073974609375,-2.8993072509765625,-2.3571014404296875,-2.07489013671875,-1.828094482421875,-1.5634765625,-1.1839141845703125,-0.405120849609375,-0.640533447265625,0.428924560546875,3.382415771484375,4.6707305908203125,5.249237060546875,5.00494384765625,6.6896209716796875,8.767120361328125,11.214645385742188,13.588943481445312,11.91473388671875,4.3507843017578125,0.510406494140625,3.836456298828125,0.390533447265625
21.0,2151615.0,-1433726.1430476664,1479279.3303563069,2002-11-27,2,2002,11,298.12298583984375,295.73297119140625,293.83319091796875,292.5040283203125,291.37359619140625,290.04180908203125,288.4686279296875,287.2669677734375,286.56329345703125,285.54925537109375,284.20074462890625,282.7811584472656,281.25982666015625,278.00341796875,276.9729919433594,275.09954833984375,270.7447204589844,265.57794189453125,260.01422119140625,252.98831176757812,245.50991821289062,241.15072631835938,235.31729125976562,228.9084014892578,223.63424682617188,215.5717010498047,208.4620361328125,200.16561889648438,194.4954833984375,86.87890625,309.4319763183594,535.4356079101562,765.945068359375,1002.3583984375,1243.91943359375,1491.43896484375,1744.333984375,2004.226318359375,2272.57177734375,2547.299072265625,2829.9833984375,3121.3017578125,3731.428955078125,4382.099609375,5087.0625,5849.90625,6678.12890625,7584.9609375,8588.1484375,9713.6875,10334.3203125,11000.03515625,11716.125,12497.78125,13356.40234375,14313.28515625,15404.65625,16689.953125,-0.03215289115905762,-0.027627944946289062,-0.017800331115722656,0.01222991943359375,0.05786705017089844,0.10087108612060547,0.13048744201660156,0.10167407989501953,0.044671058654785156,0.027190208435058594,0.05138874053955078,0.08882999420166016,0.13303375244140625,0.24771881103515625,0.38400936126708984,0.48639392852783203,0.5234308242797852,0.5002946853637695,0.44814205169677734,0.3534231185913086,0.20030593872070312,0.1614055633544922,0.18178462982177734,0.18719959259033203,0.16875171661376953,0.13280963897705078,0.07055473327636719,0.029438018798828125,0.0056296586990356445,0.75,0.75,0.25,0.25,0.25,0.25,0.25,0.25,0.25,0.25,0.25,0.25,0.25,0.0877111554145813,0.19998979568481445,0.7029714584350586,0.868133544921875,1.118408203125,1.5606231689453125,0.7200775146484375,-0.840179443359375,-0.5306549072265625,2.1913299560546875,6.0493621826171875,8.8997802734375,10.020797729492188,10.537078857421875,10.445480346679688,6.7464752197265625,-3.302154541015625,-8.6470947265625,-9.099533081054688,-8.872329711914062,-9.324081420898438,-6.670318603515625,-3.0715179443359375,-2.2045135498046875,4.3057708740234375,9.3062744140625,13.986251831054688,11.682052612304688,8.406585693359375,4.085723876953125,-5.6867523193359375
23.0,2151617.0,-1434248.4819368136,1475555.930095991,2002-11-07,5,2002,11,294.3927001953125,292.4043884277344,291.01629638671875,290.311279296875,289.81866455078125,288.862060546875,287.65533447265625,286.32281494140625,285.27508544921875,284.31121826171875,283.08331298828125,281.6575927734375,280.1591796875,277.0749206542969,273.91375732421875,271.9067077636719,268.75848388671875,265.1132507324219,259.1608581542969,251.51422119140625,241.88771057128906,236.80621337890625,231.4988250732422,225.45155334472656,221.31002807617188,214.3687286376953,205.30613708496094,198.8546600341797,196.58856201171875,141.5400390625,362.34271240234375,585.5718383789062,814.65771484375,1048.780029296875,1288.60693359375,1535.688720703125,1787.691650390625,2047.61083984375,2313.61669921875,2587.55810546875,2869.3173828125,3159.71630859375,3767.949951171875,4415.0126953125,5113.03515625,5870.0703125,6695.77734375,7600.8828125,8600.6875,9715.00390625,10324.55078125,10978.390625,11682.94140625,12455.3046875,13308.84375,14254.25390625,15332.72265625,16619.77734375,0.03915596008300781,-0.0050487518310546875,0.0220947265625,0.12127208709716797,0.20032501220703125,0.23199748992919922,0.2329883575439453,0.2143383026123047,0.16905975341796875,0.11852645874023438,0.08615589141845703,0.07976245880126953,0.09827041625976562,0.14959716796875,0.2028675079345703,0.2770261764526367,0.3102712631225586,0.21703815460205078,0.14207077026367188,0.10385417938232422,0.08638668060302734,0.06064891815185547,0.02761363983154297,-0.009340286254882812,-0.055535316467285156,-0.06194305419921875,-0.012371659278869629,0.014802277088165283,-0.00048476457595825195,0.8500000238418579,0.75,1.0,0.5,0.25,0.25,0.25,0.20000000298023224,0.20000000298023224,0.20000000298023224,0.20000000298023224,0.25,0.25,0.1352405548095703,0.1999499499797821,-5.2688140869140625,-5.228271484375,-5.0886077880859375,-5.3928375244140625,-4.9669342041015625,-4.4155731201171875,-3.7824859619140625,-3.1237030029296875,-2.3025665283203125,-1.478607177734375,-1.1445770263671875,-1.4311065673828125,-1.8269500732421875,-2.6280517578125,-2.817840576171875,-4.3065338134765625,-7.6751861572265625,-9.924102783203125,-9.47198486328125,-7.874725341796875,-6.062652587890625,-6.3241424560546875,-8.175430297851562,-9.945816040039062,-8.175521850585938,-6.5186614990234375,-6.2872161865234375,-2.758514404296875,-3.079071044921875
14.0,2151622.0,-2075784.3451923968,1471036.1818949075,2002-11-12,3,2002,11,294.22149658203125,292.44464111328125,291.432861328125,291.0673828125,290.85382080078125,289.65838623046875,288.3614501953125,287.0890197753906,285.80322265625,284.45819091796875,282.95550537109375,281.3703308105469,279.6488342285156,276.1118469238281,272.35552978515625,271.834228515625,268.8858642578125,264.215576171875,259.051513671875,251.27122497558594,242.38401794433594,237.3601837158203,232.87167358398438,226.25413513183594,219.362548828125,212.99639892578125,206.4560546875,200.10806274414062,197.2871856689453,134.5760040283203,354.6448669433594,578.5035400390625,807.393310546875,1042.718505859375,1282.99267578125,1530.631103515625,1783.216796875,2043.460205078125,2309.55078125,2583.62353515625,2865.021728515625,3154.586181640625,3761.03369140625,4405.1484375,5101.52734375,5858.4921875,6683.984375,7587.984375,8587.80078125,9703.046875,10314.234375,10970.7421875,11680.12109375,12448.43359375,13294.08203125,14240.3046875,15325.703125,16619.4296875,-0.2287495732307434,-0.23122692108154297,-0.2671966552734375,-0.3444795608520508,-0.4234638214111328,-0.47220611572265625,-0.4962730407714844,-0.4949502944946289,-0.4737987518310547,-0.4346771240234375,-0.39005470275878906,-0.34095001220703125,-0.2935800552368164,-0.2173442840576172,-0.1712055206298828,-0.14690303802490234,-0.047077178955078125,0.10706901550292969,0.19800281524658203,0.1678476333618164,0.07040882110595703,0.0259934663772583,0.05485492944717407,0.1365334391593933,0.1684306263923645,0.13597077131271362,0.07807838916778564,0.012935101985931396,-0.03339105844497681,0.25,0.25,0.25,0.25,0.25,0.20000000298023224,0.20000000298023224,0.20000000298023224,0.20000000298023224,0.20000000298023224,0.20000000298023224,0.20000000298023224,0.20000000298023224,0.18153706192970276,0.19930848479270935,-0.481658935546875,-0.5624237060546875,0.58489990234375,1.602630615234375,1.4014739990234375,0.87744140625,0.550140380859375,0.451019287109375,0.59259033203125,0.80218505859375,0.939605712890625,0.8988189697265625,0.6726226806640625,0.67431640625,0.7535858154296875,1.4779205322265625,1.4596405029296875,0.20025634765625,-1.2723236083984375,-5.6373291015625,-5.189910888671875,-2.36676025390625,0.2703704833984375,-1.69805908203125,-7.1589508056640625,-13.59429931640625,-15.095077514648438,-5.086273193359375,-2.4129791259765625
1015327.0,2027923.0,-1387009.6794809934,1373446.2728689844,2002-11-06,7,2002,11,296.86273193359375,294.99676513671875,293.1692199707031,291.28778076171875,289.4349365234375,288.1622314453125,286.9432373046875,285.5931396484375,284.198486328125,283.00128173828125,281.70184326171875,280.4478759765625,279.1932067871094,277.14520263671875,275.11328125,271.9543151855469,268.082275390625,263.4143981933594,257.683349609375,250.9492645263672,242.4915008544922,237.17579650878906,231.93563842773438,226.23866271972656,220.45767211914062,214.30038452148438,207.9803466796875,200.74819946289062,197.44393920898438,134.172119140625,357.3968200683594,582.976318359375,812.951171875,1047.67333984375,1286.4326171875,1532.529052734375,1783.955322265625,2042.767333984375,2307.50341796875,2579.89208984375,2859.904052734375,3149.24755859375,3755.38720703125,4404.4306640625,5104.015625,5860.01953125,6681.7734375,7581.59765625,8576.9296875,9692.1796875,10303.63671875,10958.32421875,11665.4609375,12436.33984375,13286.1328125,14239.21484375,15330.8046875,16627.1171875,-0.15282726287841797,-0.20520633459091187,-0.23439884185791016,-0.2233266830444336,-0.19911479949951172,-0.17431068420410156,-0.16390705108642578,-0.14853382110595703,-0.1365375518798828,-0.12432575225830078,-0.12085247039794922,-0.11756038665771484,-0.10964202880859375,-0.08092117309570312,-0.05517005920410156,-0.029808998107910156,-0.027942657470703125,0.00095367431640625,0.04075145721435547,0.13245487213134766,0.21918487548828125,0.2386322021484375,0.21651172637939453,0.14401912689208984,0.0475006103515625,-0.030773162841796875,-0.0783681869506836,-0.0719725489616394,-0.05283302068710327,0.25,0.25,0.25,0.5,0.25,0.25,0.25,0.25,0.20000000298023224,0.25,0.25,0.20000000298023224,0.20000000298023224,0.1990981101989746,0.19994011521339417,-3.30950927734375,-3.742767333984375,-4.14691162109375,-4.4439697265625,-3.8695068359375,-3.4500579833984375,-2.9173736572265625,-2.504364013671875,-2.3098602294921875,-2.270416259765625,-2.020233154296875,-1.1883087158203125,-0.3080291748046875,0.33551025390625,1.68035888671875,1.8828277587890625,-2.31146240234375,-3.2663116455078125,-6.8670196533203125,-4.9035797119140625,-3.254730224609375,-1.9802093505859375,-1.6094818115234375,0.1135711669921875,0.2445220947265625,-3.5965576171875,-6.6237640380859375,-2.8807830810546875,-0.8905181884765625
14.0,2151622.0,-2075784.3451923968,1471036.1818949075,2002-11-25,3,2002,11,298.29498291015625,296.36859130859375,294.55255126953125,292.72869873046875,290.6346130371094,289.01202392578125,288.17279052734375,286.91265869140625,286.0061950683594,285.1236572265625,284.078857421875,282.77734375,281.23394775390625,278.66290283203125,275.7595520019531,272.34014892578125,268.5389709472656,263.94940185546875,259.12713623046875,252.02548217773438,242.5638885498047,239.62451171875,234.1104736328125,227.6949462890625,221.22503662109375,214.4169464111328,207.6560821533203,201.49205017089844,195.52565002441406,99.56787109375,323.15863037109375,549.9501953125,781.37109375,1017.37109375,1258.17041015625,1504.755859375,1757.199951171875,2017.24072265625,2283.664794921875,2557.9130859375,2840.29833984375,3131.730224609375,3741.75244140625,4392.65771484375,5093.09375,5849.734375,6671.77734375,7573.73046875,8575.0703125,9690.8203125,10305.2578125,10967.7265625,11680.95703125,12455.5234375,13307.47265625,14259.60546875,15351.67578125,16648.00390625,0.07073116302490234,0.0814666748046875,0.09719181060791016,0.12857532501220703,0.15248489379882812,0.17143917083740234,0.14988136291503906,0.1158599853515625,0.0815896987915039,0.07206344604492188,0.07273578643798828,0.06239604949951172,0.04404163360595703,-0.0031299591064453125,-0.0048007965087890625,0.03423023223876953,0.049483299255371094,0.048641204833984375,-0.013928413391113281,-0.06241130828857422,-0.141845703125,-0.1365833282470703,-0.06451797485351562,-0.037589073181152344,-0.061123788356781006,-0.052735984325408936,-0.014957964420318604,0.01583021879196167,0.007304191589355469,0.7250000238418579,0.4749999940395355,0.25,0.25,0.25,0.25,0.25,0.25,0.20000000298023224,0.25,0.20000000298023224,0.25,0.20000000298023224,0.12312421947717667,0.1999802589416504,-2.6203765869140625,-2.5331878662109375,-1.8973846435546875,-1.0808563232421875,-0.6112823486328125,0.72845458984375,0.912994384765625,2.04913330078125,3.9204559326171875,4.9077911376953125,5.1739654541015625,6.511383056640625,8.664947509765625,11.120651245117188,5.3597564697265625,1.33660888671875,0.2139129638671875,-8.931655883789062,-11.464706420898438,-6.4061737060546875,2.80322265625,10.064346313476562,13.264541625976562,14.572341918945312,16.7901611328125,13.763717651367188,5.450286865234375,0.4671630859375,-1.024444580078125
57088.0,2151611.0,-2091659.8005280823,1989126.8983744888,2002-11-30,7,2002,11,294.8702392578125,293.2098693847656,291.4219970703125,290.07025146484375,289.4356994628906,288.3831787109375,287.23016357421875,286.31982421875,285.4379577636719,284.2916259765625,282.8613586425781,281.44024658203125,280.1671142578125,277.5130310058594,274.39605712890625,271.0291748046875,271.72772216796875,266.1246337890625,259.8585205078125,252.2823028564453,243.72915649414062,239.0916290283203,234.0579071044922,228.59072875976562,222.8085479736328,216.37994384765625,208.94802856445312,200.56097412109375,193.85816955566406,100.9462890625,320.78497314453125,545.1477661132812,773.641845703125,1007.771240234375,1247.849365234375,1494.0634765625,1745.708984375,2005.317138671875,2271.368896484375,2545.026611328125,2826.580078125,3116.387939453125,3724.791748046875,4373.01318359375,5070.7421875,5825.65234375,6658.93359375,7566.29296875,8568.51171875,9687.76171875,10302.953125,10963.5546875,11677.828125,12456.6171875,13316.14453125,14275.921875,15369.625,16655.60546875,0.010718047618865967,0.060858070850372314,0.116851806640625,0.14275455474853516,0.12094497680664062,0.07201194763183594,0.02417755126953125,-0.025679588317871094,-0.06566238403320312,-0.07878494262695312,-0.07056808471679688,-0.05811500549316406,-0.03231525421142578,0.07649898529052734,0.26691436767578125,0.3652019500732422,0.15027618408203125,0.08376789093017578,0.0750436782836914,0.03456401824951172,0.06767463684082031,0.09451007843017578,0.12371349334716797,0.12615108489990234,0.08724212646484375,0.04929351806640625,0.022485733032226562,0.017473578453063965,0.014183104038238525,0.5,0.5,0.375,0.25,0.25,0.25,0.25,0.25,0.25,0.25,0.25,0.25,0.25,0.14329540729522705,0.1998918503522873,-0.3801116943359375,0.16748046875,1.22259521484375,1.2941131591796875,-0.54052734375,-2.2771759033203125,-3.9652252197265625,-4.3880767822265625,-4.3475189208984375,-3.90020751953125,-3.655731201171875,-3.46197509765625,-2.9852142333984375,-0.71063232421875,1.449310302734375,1.590606689453125,-7.917236328125,-8.598007202148438,-7.338897705078125,-3.4328460693359375,-6.4162750244140625,-4.8581390380859375,-3.43743896484375,-2.9895782470703125,-3.5642852783203125,-5.0435333251953125,-4.9157562255859375,-5.6622314453125,-5.6887664794921875
57088.0,2151611.0,-2091659.8005280823,1989126.8983744888,2002-11-18,7,2002,11,294.1230773925781,292.1728210449219,290.576416015625,289.5968017578125,289.6133117675781,288.49932861328125,287.2806091308594,286.0445556640625,284.79718017578125,283.49969482421875,282.0744934082031,280.5281982421875,278.9249267578125,275.53131103515625,272.41619873046875,271.2919616699219,269.59295654296875,264.0572204589844,258.7529296875,252.4846649169922,243.85791015625,238.45021057128906,232.57070922851562,227.2330322265625,221.9250030517578,215.5370330810547,206.8387451171875,199.159912109375,195.64720153808594,110.670654296875,330.42181396484375,553.7508544921875,781.551025390625,1015.614013671875,1255.6953125,1502.20263671875,1753.724365234375,2012.991455078125,2278.34326171875,2550.82666015625,2831.18505859375,3120.2431640625,3724.7421875,4367.9375,5063.6875,5818.15234375,6644.125,7544.34765625,8546.1328125,9667.328125,10281.6796875,10939.61328125,11648.703125,12424.16015625,13281.015625,14234.00390625,15316.8046875,16601.48046875,-0.03158050775527954,0.00170135498046875,0.03706645965576172,0.07143115997314453,0.08283042907714844,0.04781627655029297,0.008622169494628906,-0.02658557891845703,-0.042377471923828125,-0.03319358825683594,-0.005846977233886719,0.022829055786132812,0.05638885498046875,0.10697555541992188,0.08716678619384766,0.06981468200683594,0.011324882507324219,-0.02460479736328125,0.04840087890625,0.022459983825683594,-0.05076885223388672,-0.0811910629272461,-0.1195211410522461,-0.1799297332763672,-0.20610427856445312,-0.1556273102760315,-0.0949394702911377,-0.07400554418563843,-0.03131556510925293,0.75,0.75,0.5,0.25,0.25,0.25,0.25,0.25,0.25,0.25,0.20000000298023224,0.25,0.25,0.214335635304451,0.19998674094676971,-5.4158172607421875,-5.6688385009765625,-4.7693328857421875,-1.102935791015625,-0.058258056640625,1.4717864990234375,2.1082305908203125,1.9539947509765625,1.5483551025390625,1.32818603515625,1.6242218017578125,2.4468536376953125,3.7830657958984375,5.642913818359375,7.22308349609375,9.316375732421875,1.661956787109375,1.3195037841796875,0.291259765625,4.001220703125,4.7547607421875,5.019439697265625,4.4645233154296875,3.377105712890625,1.4379119873046875,0.65582275390625,-1.3070831298828125,-3.2703704833984375,-3.5684356689453125
24.0,2151618.0,-1434061.2969929683,1476734.8120983026,2002-11-27,0,2002,11,298.06048583984375,295.62359619140625,293.88006591796875,292.6759033203125,291.67047119140625,290.44805908203125,289.0936279296875,287.8607177734375,286.76641845703125,285.53363037109375,284.15386962890625,282.7499084472656,281.22857666015625,278.01904296875,275.7854919433594,275.03704833984375,270.6040954589844,265.62481689453125,260.09234619140625,253.16018676757812,245.46304321289062,240.93197631835938,235.09854125976562,228.8927764892578,223.52487182617188,215.8373260498047,208.4151611328125,200.16561889648438,194.5736083984375,87.37890625,310.4319763183594,536.4356079101562,766.945068359375,1003.3583984375,1245.41943359375,1493.93896484375,1746.833984375,2006.726318359375,2275.07177734375,2550.299072265625,2832.9833984375,3124.3017578125,3734.428955078125,4383.599609375,5087.0625,5849.40625,6677.62890625,7584.4609375,8588.6484375,9715.1875,10334.8203125,11000.03515625,11716.125,12497.28125,13356.40234375,14313.78515625,15404.65625,16690.453125,-0.024340391159057617,-0.06278419494628906,-0.09983158111572266,-0.10495758056640625,-0.07103919982910156,-0.02803516387939453,-0.0023250579833984375,0.00011157989501953125,0.005608558654785156,0.0701589584350586,0.15295124053955078,0.24507999420166016,0.33615875244140625,0.5406875610351562,0.7590093612670898,0.841862678527832,0.8163995742797852,0.7112321853637695,0.5731420516967773,0.4315481185913086,0.2706184387207031,0.2317180633544922,0.23647212982177734,0.23016834259033203,0.19218921661376953,0.14843463897705078,0.09789848327636719,0.06850051879882812,0.044692158699035645,0.75,0.75,0.25,0.25,0.25,0.25,0.25,0.25,0.25,0.25,0.25,0.25,0.25,0.0877111554145813,0.19998979568481445,1.7498464584350586,1.868133544921875,2.024658203125,1.8262481689453125,0.6732025146484375,-1.090179443359375,-0.4994049072265625,2.6757049560546875,6.4868621826171875,8.8060302734375,9.677047729492188,9.880828857421875,9.257980346679688,4.6214752197265625,-5.239654541015625,-9.5220947265625,-9.255783081054688,-8.856704711914062,-8.886581420898438,-5.639068603515625,-2.0871429443359375,-1.9545135498046875,3.8682708740234375,9.7750244140625,13.314376831054688,11.572677612304688,8.469085693359375,3.757598876953125,-6.3117523193359375
57088.0,2151611.0,-2091659.8005280823,1989126.8983744888,2002-11-27,7,2002,11,297.74798583984375,295.93609619140625,294.38006591796875,292.8321533203125,291.10797119140625,289.44805908203125,287.6873779296875,285.9232177734375,284.14141845703125,282.00238037109375,282.45074462890625,283.7186584472656,283.33795166015625,281.48779296875,279.0198669433594,274.45892333984375,268.5572204589844,263.15606689453125,257.79547119140625,251.76956176757812,244.93179321289062,241.41635131835938,236.33291625976562,230.2521514892578,223.58737182617188,216.0092010498047,207.7901611328125,199.97811889648438,192.4486083984375,94.37890625,317.4319763183594,543.9356079101562,775.445068359375,1011.8583984375,1253.41943359375,1500.93896484375,1752.833984375,2011.726318359375,2276.57177734375,2547.299072265625,2829.9833984375,3122.3017578125,3735.928955078125,4393.599609375,5100.0625,5858.40625,6678.62890625,7577.9609375,8575.1484375,9696.6875,10316.3203125,10984.03515625,11704.125,12487.78125,13347.90234375,14304.28515625,15392.15625,16673.453125,-0.21965289115905762,-0.39090919494628906,-0.5373315811157227,-0.6440200805664062,-0.7116641998291016,-0.7663164138793945,-0.7992000579833984,-0.8045759201049805,-0.7365789413452148,-0.5782785415649414,-0.4407987594604492,-0.38382625579833984,-0.37477874755859375,-0.35384368896484375,-0.27614688873291016,-0.21282482147216797,-0.21485042572021484,-0.19501781463623047,-0.14951419830322266,-0.0957956314086914,-0.053600311279296875,-0.018281936645507812,0.029440879821777344,0.05048084259033203,0.02031421661376953,-0.05469036102294922,-0.1364765167236328,-0.15415573120117188,-0.11937034130096436,0.5,0.375,0.25,0.25,0.25,0.25,0.25,0.25,0.25,0.25,0.25,0.25,0.25,0.0877111554145813,0.19998979568481445,-4.140778541564941,-4.319366455078125,-3.303466796875,-1.0643768310546875,1.2357025146484375,2.519195556640625,2.8443450927734375,2.6600799560546875,2.8931121826171875,3.3841552734375,3.0676727294921875,2.630828857421875,2.6642303466796875,0.9808502197265625,-0.974029541015625,-4.3189697265625,-5.3339080810546875,-2.7317047119140625,-3.6678314208984375,-5.232818603515625,-0.9152679443359375,2.2329864501953125,6.8682708740234375,10.1343994140625,9.705001831054688,8.807052612304688,9.375335693359375,3.616973876953125,-6.2961273193359375
57088.0,2151611.0,-2091659.8005280823,1989126.8983744888,2002-11-14,7,2002,11,297.67828369140625,295.52752685546875,293.3624267578125,291.5535888671875,289.97021484375,288.620849609375,287.1142883300781,285.74835205078125,284.37286376953125,282.91162109375,281.28424072265625,280.3751525878906,278.9967956542969,276.1407165527344,274.26031494140625,272.65667724609375,269.1290588378906,262.7952880859375,256.2398376464844,250.1488800048828,241.36936950683594,236.56443786621094,232.2642822265625,227.7555389404297,221.802001953125,213.93545532226562,206.7095184326172,199.93051147460938,197.45657348632812,129.530029296875,352.114013671875,578.1490478515625,808.061279296875,1042.47998046875,1282.80224609375,1528.771484375,1780.4287109375,2039.1220703125,2304.043212890625,2575.95849609375,2855.6953125,3144.64404296875,3748.39599609375,4393.70751953125,5091.61328125,5849.25,6670.8828125,7565.2734375,8556.71484375,9667.29296875,10276.08203125,10930.33203125,11640.85546875,12417.1484375,13268.98828125,14218.08203125,15302.9609375,16596.3984375,0.041739463806152344,0.009050369262695312,-0.021978378295898438,-0.06242847442626953,-0.112060546875,-0.11308670043945312,-0.08745574951171875,-0.046390533447265625,-0.005652427673339844,0.034786224365234375,0.05822563171386719,0.07142448425292969,0.07753372192382812,0.09971141815185547,0.10104084014892578,0.03442192077636719,-0.06254005432128906,-0.12569904327392578,-0.14350223541259766,-0.08526992797851562,-0.011912345886230469,0.0225982666015625,0.05229759216308594,0.06118202209472656,0.05862998962402344,0.04426169395446777,0.02956855297088623,0.022673070430755615,0.011543691158294678,0.5,0.5,0.25,0.5,0.25,0.25,0.25,0.20000000298023224,0.20000000298023224,0.20000000298023224,0.20000000298023224,0.20000000298023224,0.20000000298023224,0.20969858765602112,0.19999971985816956,-5.792999267578125,-6.162994384765625,-6.48809814453125,-6.31817626953125,-4.9160919189453125,-4.3545684814453125,-4.80413818359375,-5.1185760498046875,-5.02545166015625,-4.536224365234375,-3.976806640625,-3.50042724609375,-2.5879058837890625,0.74658203125,2.3230133056640625,0.419525146484375,-2.7764434814453125,-1.0479278564453125,-2.39886474609375,-7.5009613037109375,-10.773529052734375,-10.1424560546875,-9.877151489257812,-11.89312744140625,-11.157394409179688,-9.1417236328125,-6.5567474365234375,-6.20782470703125,-4.15863037109375
57088.0,2151611.0,-2091659.8005280823,1989126.8983744888,2002-11-07,7,2002,11,293.6895751953125,291.9512634277344,290.92254638671875,290.295654296875,289.49053955078125,288.362060546875,287.17095947265625,285.90093994140625,284.60321044921875,283.23309326171875,281.73956298828125,280.0638427734375,278.1123046875,276.6061706542969,278.94500732421875,274.8129577636719,270.24285888671875,264.6288757324219,258.5046081542969,250.82672119140625,241.41896057128906,236.83746337890625,231.7644500732422,225.76405334472656,219.56002807617188,212.9937286376953,206.14988708496094,198.9952850341797,197.04168701171875,169.0400390625,388.84271240234375,612.0718383789062,840.65771484375,1074.780029296875,1315.10693359375,1560.188720703125,1812.191650390625,2070.61083984375,2335.61669921875,2608.05810546875,2887.8173828125,3176.21630859375,3777.949951171875,4430.0126953125,5137.03515625,5898.5703125,6724.27734375,7626.3828125,8624.1875,9735.00390625,10344.55078125,10998.890625,11704.94140625,12473.3046875,13319.34375,14265.75390625,15346.72265625,16634.77734375,0.11728096008300781,0.2058887481689453,0.3150634765625,0.47674083709716797,0.6378250122070312,0.7788724899291992,0.8931446075439453,0.9799633026123047,1.0362472534179688,1.0599327087402344,1.047093391418457,1.0016374588012695,0.9185829162597656,0.61444091796875,0.2614612579345703,0.09733867645263672,-0.006134986877441406,-0.13452434539794922,-0.20167922973632812,-0.16177082061767578,-0.12845706939697266,-0.09950733184814453,-0.05441761016845703,-0.013246536254882812,0.018683433532714844,0.03180694580078125,0.04622209072113037,0.030427277088165283,-0.008297264575958252,0.574999988079071,0.25,0.25,0.25,0.25,0.25,0.25,0.20000000298023224,0.20000000298023224,0.20000000298023224,0.20000000298023224,0.25,0.25,0.1352405548095703,0.1999499499797821,-3.6594390869140625,-3.462646484375,-2.5104827880859375,-2.9397125244140625,-3.1856842041015625,-3.1968231201171875,-3.2043609619140625,-3.2487030029296875,-3.0681915283203125,-2.572357177734375,-1.9258270263671875,-1.5561065673828125,-2.0613250732421875,-5.9405517578125,-10.052215576171875,-10.259658813476562,-8.706436157226562,-8.345977783203125,-8.30010986328125,-5.624725341796875,-6.578277587890625,-6.1835174560546875,-6.2066802978515625,-9.602066040039062,-11.144271850585938,-7.7217864990234375,-7.3497161865234375,-5.180389404296875,-5.000946044921875
103534.0,2269113.0,-1715866.5077203757,1323156.5848280587,2002-11-26,0,2002,11,298.7164306640625,296.645263671875,294.99188232421875,293.57958984375,291.9954833984375,290.4770812988281,288.934326171875,287.4176330566406,285.8360900878906,284.717529296875,284.6602478027344,283.50836181640625,281.72589111328125,278.05517578125,275.34033203125,273.33062744140625,270.34637451171875,266.07763671875,259.852783203125,252.86111450195312,245.43458557128906,240.38951110839844,234.91900634765625,229.3019256591797,222.9011688232422,216.00439453125,207.91061401367188,200.31082153320312,194.09915161132812,84.75553894042969,307.9566345214844,534.7650146484375,766.94287109375,1004.0029296875,1246.478515625,1494.254638671875,1747.475830078125,2006.52001953125,2273.597412109375,2547.76611328125,2831.050048828125,3123.051025390625,3732.789794921875,4381.86669921875,5082.69140625,5842.25,6670.19921875,7578.50390625,8580.84375,9706.90625,10326.0859375,10989.56640625,11705.80078125,12486.04296875,13345.484375,14302.0390625,15391.109375,16677.76953125,0.035464465618133545,-0.03123950958251953,-0.0921468734741211,-0.10906791687011719,-0.0933990478515625,-0.06508827209472656,-0.032631874084472656,-0.01720428466796875,-0.004180908203125,-0.007571220397949219,-0.017435073852539062,-0.0322265625,-0.046924591064453125,-0.07875919342041016,-0.11240863800048828,-0.10262203216552734,-0.03753471374511719,0.027017593383789062,0.0862894058227539,0.22105979919433594,0.34062767028808594,0.3577756881713867,0.33315563201904297,0.27660179138183594,0.21601581573486328,0.13594818115234375,0.0283050537109375,-0.04133760929107666,-0.056283533573150635,0.375,0.30000001192092896,0.25,0.25,0.25,0.25,0.25,0.25,0.25,0.25,0.25,0.25,0.25,0.22149699926376343,0.1923905313014984,-0.66796875,-0.7653961181640625,-1.1742095947265625,-2.0933380126953125,-2.3316497802734375,-1.86724853515625,-1.0391693115234375,-0.113525390625,0.5666351318359375,0.2941131591796875,-0.7718658447265625,-1.83233642578125,-2.459564208984375,-1.80291748046875,-2.60125732421875,-3.1447601318359375,-5.3632354736328125,-10.321151733398438,-11.36077880859375,-4.738555908203125,0.8223114013671875,0.284088134765625,2.2140045166015625,3.98126220703125,5.429351806640625,6.7711181640625,6.18328857421875,9.289215087890625,12.775848388671875
103533.0,2269112.0,-1716048.493033648,1323667.361586349,2002-11-29,0,2002,11,294.57965087890625,292.4793701171875,291.6192626953125,291.4454650878906,290.5211181640625,289.35211181640625,288.01141357421875,286.7518615722656,285.6218566894531,284.43560791015625,283.1739501953125,281.894775390625,280.51397705078125,277.4554443359375,274.0316162109375,271.7806701660156,268.40875244140625,265.1870422363281,260.61724853515625,253.24209594726562,245.4073944091797,240.26380920410156,234.3350830078125,228.33155822753906,222.29150390625,215.03231811523438,207.78448486328125,200.93136596679688,192.93341064453125,93.619384765625,313.43023681640625,537.3135986328125,766.469970703125,1001.90576171875,1243.18310546875,1490.132080078125,1742.684326171875,2003.01123046875,2269.58154296875,2543.374267578125,2826.043212890625,3116.3251953125,3725.621337890625,4373.841796875,5072.21875,5828.78515625,6654.2109375,7563.39453125,8570.1171875,9698.36328125,10316.9296875,10980.0390625,11693.63671875,12471.51953125,13327.1484375,14281.3046875,15371.91796875,16659.5,-0.14075976610183716,-0.06788510084152222,0.030550003051757812,0.1058492660522461,0.08362674713134766,0.03670310974121094,-0.0106048583984375,-0.05076026916503906,-0.07971668243408203,-0.1044626235961914,-0.1061553955078125,-0.07352924346923828,-0.00844573974609375,0.1186532974243164,0.09420204162597656,0.009200096130371094,-0.08598136901855469,-0.1529407501220703,-0.3368673324584961,-0.614959716796875,-0.5565395355224609,-0.4012784957885742,-0.2593564987182617,-0.18135452270507812,-0.1511383056640625,-0.09068012237548828,-0.039651453495025635,-0.035513341426849365,-0.03087294101715088,0.5,0.5,0.5,0.25,0.25,0.25,0.25,0.25,0.20000000298023224,0.25,0.20000000298023224,0.25,0.25,0.21280869841575623,0.1999916136264801,-3.136810302734375,-2.4737396240234375,0.1497802734375,1.4005584716796875,0.6689910888671875,0.1313629150390625,0.2813568115234375,1.0362091064453125,1.6246795654296875,1.6610870361328125,1.3010101318359375,0.35675048828125,-0.35821533203125,-0.3428497314453125,0.2073211669921875,-2.766265869140625,-2.4780120849609375,-1.9369659423828125,-3.699676513671875,-0.1512451171875,-5.63458251953125,-8.936172485351562,-12.365280151367188,-13.102020263671875,-9.155685424804688,-10.156341552734375,-14.93939208984375,-14.794097900390625,-10.671905517578125
103531.0,2269109.0,-1716550.808653988,1325665.5196090376,2002-11-19,0,2002,11,294.5153503417969,292.5809326171875,290.6614074707031,290.00408935546875,289.4799499511719,288.33514404296875,287.1849060058594,285.97210693359375,284.6920471191406,283.33721923828125,281.93609619140625,280.456787109375,278.9100646972656,275.64459228515625,273.0024719238281,272.5220947265625,269.0802001953125,265.0658874511719,258.10675048828125,251.6103515625,244.29461669921875,239.69879150390625,235.06082153320312,228.84605407714844,221.8973388671875,214.33734130859375,206.4290008544922,199.0241241455078,194.69000244140625,115.4619140625,334.92633056640625,558.6910400390625,786.811767578125,1020.99169921875,1261.16162109375,1507.38671875,1758.7373046875,2017.815185546875,2283.19580078125,2555.323486328125,2836.056884765625,3124.3173828125,3728.991455078125,4372.9111328125,5071.78515625,5828.95703125,6657.25,7561.44140625,8558.62890625,9679.61328125,10296.55078125,10959.49609375,11676.13671875,12453.9375,13307.3359375,14256.69140625,15338.77734375,16621.046875,-0.032215416431427,-0.012270152568817139,0.014764785766601562,0.04902362823486328,0.06668472290039062,0.08397865295410156,0.10305213928222656,0.12514019012451172,0.1431264877319336,0.1577901840209961,0.17046737670898438,0.18592071533203125,0.20035839080810547,0.21475696563720703,0.20384693145751953,0.19794178009033203,0.16440486907958984,0.1244955062866211,0.1713571548461914,0.22394466400146484,0.16002368927001953,0.08660411834716797,0.027901649475097656,0.0012645721435546875,-0.012015342712402344,-0.03476715087890625,-0.06695747375488281,-0.06729781627655029,-0.03377580642700195,1.0,0.25,0.5,0.25,0.25,0.25,0.25,0.20000000298023224,0.25,0.25,0.25,0.20000000298023224,0.20000000298023224,0.19966010749340057,0.19999714195728302,-1.530853271484375,-1.41253662109375,-0.658538818359375,1.2362213134765625,1.7621612548828125,1.8562774658203125,1.6747894287109375,1.4212493896484375,1.2760467529296875,1.257965087890625,1.3443450927734375,1.507354736328125,1.66107177734375,1.679351806640625,0.3463134765625,-2.3721160888671875,-2.0433349609375,0.3894195556640625,-1.771148681640625,-2.6908721923828125,0.91351318359375,0.761505126953125,1.370208740234375,1.843780517578125,3.1490020751953125,5.7018585205078125,0.951995849609375,-1.0609130859375,-0.82708740234375
133418.0,2269100.0,-2242552.085961731,2175274.321628745,2002-11-27,5,2002,11,297.21673583984375,295.31109619140625,293.63006591796875,291.3321533203125,289.85797119140625,288.24493408203125,286.4530029296875,284.6732177734375,282.96954345703125,283.34613037109375,286.20074462890625,285.4217834472656,284.19732666015625,281.65966796875,278.6136169433594,273.78704833984375,268.0728454589844,262.53106689453125,257.18609619140625,251.67581176757812,245.02554321289062,241.27572631835938,236.58291625976562,230.7209014892578,224.33737182617188,216.7435760498047,207.9932861328125,199.57186889648438,192.4486083984375,105.37890625,327.4319763183594,553.4356079101562,783.945068359375,1018.8583984375,1258.91943359375,1504.43896484375,1754.833984375,2012.226318359375,2274.57177734375,2549.299072265625,2833.9833984375,3126.8017578125,3741.428955078125,4399.099609375,5103.5625,5859.90625,6679.12890625,7575.9609375,8571.6484375,9694.1875,10313.8203125,10981.03515625,11702.625,12488.28125,13351.40234375,14309.78515625,15397.65625,16675.953125,-0.07902789115905762,-0.07059669494628906,-0.052956581115722656,-0.04636383056640625,-0.04369544982910156,-0.05537891387939453,-0.08826255798339844,-0.13270092010498047,-0.16236019134521484,-0.1954660415649414,-0.22986125946044922,-0.24320125579833984,-0.24977874755859375,-0.22884368896484375,-0.20192813873291016,-0.20501232147216797,-0.22656917572021484,-0.25361156463623047,-0.23935794830322266,-0.2012643814086914,-0.15516281127929688,-0.10812568664550781,-0.056496620178222656,-0.01592540740966797,-0.02265453338623047,-0.03125286102294922,-0.019289016723632812,-0.048686981201171875,-0.07640159130096436,0.5,0.25,0.5,0.75,0.25,0.25,0.25,0.25,0.25,0.25,0.25,0.25,0.25,0.0877111554145813,0.19998979568481445,-3.3595285415649414,-3.397491455078125,-2.803466796875,-2.4237518310546875,-1.6549224853515625,-1.824554443359375,-1.9525299072265625,-1.2774200439453125,-0.3881378173828125,-1.3189697265625,-2.9635772705078125,-2.306671142578125,-1.0076446533203125,0.7621002197265625,1.119720458984375,-2.8189697265625,-5.5995330810546875,-2.0910797119140625,-1.5115814208984375,-2.420318603515625,1.0534820556640625,4.6236114501953125,9.165145874023438,10.2281494140625,8.408126831054688,6.4789276123046875,7.390960693359375,4.866973876953125,-6.5461273193359375
133421.0,2269105.0,-2071902.3255371528,1767464.577339364,2002-11-29,9,2002,11,287.73590087890625,285.8231201171875,286.8536376953125,290.6954650878906,291.2242431640625,290.13336181640625,288.69891357421875,287.2987365722656,285.9343566894531,284.65435791015625,283.4239501953125,282.129150390625,280.74835205078125,277.6898193359375,273.8441162109375,271.3744201660156,268.58062744140625,264.7807922363281,259.47662353515625,252.86709594726562,244.2667694091797,239.51380920410156,233.9132080078125,227.92530822753906,221.71337890625,215.45419311523438,208.50323486328125,200.74386596679688,193.13653564453125,112.619384765625,326.93023681640625,545.8135986328125,772.969970703125,1008.40576171875,1250.18310546875,1498.132080078125,1751.184326171875,2012.01123046875,2278.58154296875,2552.874267578125,2835.043212890625,3125.8251953125,3735.621337890625,4383.841796875,5081.21875,5837.28515625,6663.2109375,7569.89453125,8574.1171875,9697.86328125,10313.9296875,10975.0390625,11688.13671875,12463.51953125,13319.1484375,14275.8046875,15368.91796875,16655.0,-0.027478516101837158,0.10789614915847778,0.2414875030517578,0.0902242660522461,-0.14293575286865234,-0.35392189025878906,-0.4988861083984375,-0.5702915191650391,-0.603154182434082,-0.6200876235961914,-0.6217803955078125,-0.6008729934692383,-0.5553207397460938,-0.3891592025756836,-0.17142295837402344,-0.006424903869628906,0.019487380981445312,-0.020128250122070312,-0.032179832458496094,0.056915283203125,0.11142921447753906,0.11825275421142578,0.13126850128173828,0.11161422729492188,0.0597991943359375,0.006976127624511719,-0.027932703495025635,-0.027700841426849365,-0.02306044101715088,0.75,0.25,0.25,0.25,0.25,0.25,0.25,0.25,0.20000000298023224,0.25,0.20000000298023224,0.25,0.25,0.21280869841575623,0.1999916136264801,-1.636810302734375,-0.4893646240234375,-0.3345947265625,-2.8963165283203125,-4.8310089111328125,-6.0092620849609375,-6.1405181884765625,-5.4325408935546875,-4.2971954345703125,-2.9951629638671875,-1.7146148681640625,-0.26824951171875,1.11053466796875,3.5321502685546875,3.0666961669921875,-0.156890869140625,-3.5561370849609375,-4.7650909423828125,-6.184051513671875,-1.5574951171875,2.05291748046875,1.3763275146484375,-1.2715301513671875,-3.008270263671875,-1.8588104248046875,-4.718841552734375,-11.20501708984375,-9.372222900390625,-5.031280517578125
