_uid_,id,longitude,latitude,initialdate,days,year,month,air_level_1000,air_level_975,air_level_950,air_level_925,air_level_900,air_level_875,air_level_850,air_level_825,air_level_800,air_level_775,air_level_750,air_level_725,air_level_700,air_level_650,air_level_600,air_level_550,air_level_500,air_level_450,air_level_400,air_level_350,air_level_300,air_level_275,air_level_250,air_level_225,air_level_200,air_level_175,air_level_150,air_level_125,air_level_100,hgt_level_1000,hgt_level_975,hgt_level_950,hgt_level_925,hgt_level_900,hgt_level_875,hgt_level_850,hgt_level_825,hgt_level_800,hgt_level_775,hgt_level_750,hgt_level_725,hgt_level_700,hgt_level_650,hgt_level_600,hgt_level_550,hgt_level_500,hgt_level_450,hgt_level_400,hgt_level_350,hgt_level_300,hgt_level_275,hgt_level_250,hgt_level_225,hgt_level_200,hgt_level_175,hgt_level_150,hgt_level_125,hgt_level_100,tke_level_1000,tke_level_975,tke_level_950,tke_level_925,tke_level_900,tke_level_875,tke_level_850,tke_level_825,tke_level_800,tke_level_775,tke_level_750,tke_level_725,tke_level_700,tke_level_650,tke_level_600,uwnd_level_1000,uwnd_level_975,uwnd_level_950,uwnd_level_925,uwnd_level_900,uwnd_level_875,uwnd_level_850,uwnd_level_825,uwnd_level_800,uwnd_level_775,uwnd_level_750,uwnd_level_725,uwnd_level_700,uwnd_level_650,uwnd_level_600,uwnd_level_550,uwnd_level_500,uwnd_level_450,uwnd_level_400,uwnd_level_350,uwnd_level_300,uwnd_level_275,uwnd_level_250,uwnd_level_225,uwnd_level_200,uwnd_level_175,uwnd_level_150,uwnd_level_125,uwnd_level_100,vwnd_level_1000,vwnd_level_975,vwnd_level_950,vwnd_level_925,vwnd_level_900,vwnd_level_875,vwnd_level_850,vwnd_level_825,vwnd_level_800,vwnd_level_775,vwnd_level_750,vwnd_level_725,vwnd_level_700,vwnd_level_650,vwnd_level_600,vwnd_level_550,vwnd_level_500,vwnd_level_450,vwnd_level_400,vwnd_level_350,vwnd_level_300,vwnd_level_275,vwnd_level_250,vwnd_level_225,vwnd_level_200,vwnd_level_175,vwnd_level_150,vwnd_level_125,vwnd_level_100
19.0,966859.0,-1590189.967425426,1254799.4243114565,2002-01-16,7,2002,1,296.8486328125,294.6732177734375,292.48114013671875,290.7166748046875,289.2764892578125,287.89306640625,286.4627685546875,284.9796447753906,283.69879150390625,282.3140869140625,280.9066162109375,279.80914306640625,278.563232421875,276.3211975097656,275.26361083984375,274.4295654296875,269.7530517578125,263.6505432128906,257.219482421875,249.77186584472656,241.0870819091797,236.2406005859375,231.6553955078125,225.77670288085938,220.08624267578125,214.35006713867188,207.4879913330078,199.9754180908203,196.13584899902344,107.35231018066406,328.8480224609375,553.6258544921875,782.869384765625,1017.296142578125,1256.747802734375,1502.438232421875,1753.177001953125,2011.29833984375,2275.524658203125,2547.228759765625,2826.47802734375,3114.519287109375,3717.68359375,4364.4794921875,5066.23046875,5827.7890625,6650.8203125,7549.9140625,8541.796875,9650.19140625,10258.80078125,10911.6875,11617.76171875,12386.83203125,13237.1484375,14188.73828125,15276.9296875,16566.7890625,0.5,0.75,0.75,0.25,0.25,0.25,0.25,0.25,0.20000000298023224,0.25,0.25,0.20000000298023224,0.20000000298023224,0.2007608413696289,0.19998636841773987,-5.38958740234375,-5.567596435546875,-5.662933349609375,-6.50909423828125,-8.30316162109375,-7.95172119140625,-5.4228057861328125,-2.5062713623046875,-1.5308990478515625,-1.3057861328125,-1.2884368896484375,-1.766571044921875,-3.2650299072265625,-5.49212646484375,-1.34613037109375,4.7934112548828125,8.921798706054688,7.5560760498046875,5.31292724609375,5.347747802734375,8.737518310546875,11.61224365234375,13.7911376953125,13.068902015686035,13.102428436279297,10.609183311462402,10.247843742370605,9.256546020507812,2.7672386169433594,-0.52862548828125,-0.4687652587890625,-0.39825439453125,-0.8983001708984375,-2.176116943359375,-2.8663482666015625,-3.4699554443359375,-3.435333251953125,-2.0856475830078125,-0.0899810791015625,1.6743927001953125,1.6488494873046875,-0.9080810546875,-7.6133575439453125,-12.0926513671875,-11.213226318359375,-9.256072998046875,-10.556716918945312,-13.350143432617188,-16.936050415039062,-16.918472290039062,-17.873123168945312,-13.051986694335938,-12.763763427734375,-13.18548583984375,-15.714981079101562,-15.21514892578125,-16.892105102539062,-12.92047119140625
17.0,966856.0,-2101847.2113304646,1721695.488123186,2002-01-13,0,2002,1,296.9593811035156,294.9973449707031,293.1631164550781,291.58477783203125,289.826416015625,288.0377197265625,285.99395751953125,283.94464111328125,281.9212646484375,280.056396484375,278.3704528808594,277.25225830078125,277.037109375,278.6393737792969,276.04754638671875,272.14459228515625,269.085205078125,262.68963623046875,255.79641723632812,250.0271453857422,243.16725158691406,238.87796020507812,233.9353790283203,227.6204833984375,221.07078552246094,213.01019287109375,204.22581481933594,196.7602081298828,193.77159118652344,134.1982421875,356.1765441894531,582.169677734375,812.54296875,1047.989013671875,1287.32275390625,1533.24951171875,1783.5810546875,2040.47119140625,2303.103759765625,2572.131591796875,2848.7080078125,3134.28076171875,3738.41162109375,4389.97998046875,5088.78515625,5844.75,6666.76953125,7561.0625,8549.73046875,9664.53515625,10278.72265625,10938.78515625,11651.87109375,12426.67578125,13275.4140625,14217.24609375,15286.58203125,16556.90625,0.25,0.25,0.25,0.25,0.25,0.25,0.25,0.25,0.25,0.25,0.25,0.25,0.25,0.281632661819458,0.19618606567382812,-7.829120635986328,-9.069366455078125,-9.761154174804688,-10.171798706054688,-10.102890014648438,-9.879318237304688,-9.34246826171875,-8.375442504882812,-6.6543121337890625,-5.3399810791015625,-4.8812713623046875,-4.5984954833984375,-4.9374847412109375,-11.525421142578125,-11.384674072265625,-5.46197509765625,2.8925628662109375,3.672637939453125,2.2156829833984375,-0.6385040283203125,2.9242401123046875,4.426544189453125,4.8011322021484375,5.7331695556640625,4.826630592346191,3.4915637969970703,7.713192939758301,11.243179321289062,11.603888511657715,-5.1861419677734375,-5.1658477783203125,-4.698455810546875,-3.0608367919921875,-1.628204345703125,-0.6147613525390625,-0.290130615234375,-0.01617431640625,0.463348388671875,1.9209136962890625,3.7574005126953125,4.5941925048828125,2.45562744140625,-6.3857269287109375,-11.404937744140625,-14.56561279296875,-15.18524169921875,-10.379104614257812,-9.998794555664062,-17.64947509765625,-23.096267700195312,-23.52276611328125,-26.721206665039062,-26.519973754882812,-24.990814208984375,-21.2752685546875,-23.316604614257812,-20.787841796875,-13.284439086914062
19.0,966859.0,-1604781.7233315047,1321488.685507601,2002-01-26,7,2002,1,294.7490234375,292.8656005859375,291.8485107421875,291.2117614746094,290.3553771972656,289.44921875,288.4747009277344,287.4898376464844,286.17626953125,284.63592529296875,283.0078125,281.37994384765625,279.74658203125,277.0867919921875,274.693115234375,271.3592224121094,267.66778564453125,263.5442199707031,258.68768310546875,251.59054565429688,242.312744140625,236.68844604492188,231.97767639160156,227.3162384033203,222.0621337890625,216.383544921875,208.50857543945312,199.1123809814453,193.3499755859375,96.01904296875,315.47869873046875,539.35888671875,768.9345703125,1004.345947265625,1245.613037109375,1493.05029296875,1745.8955078125,2006.744873046875,2273.4541015625,2547.052001953125,2828.7568359375,3118.22900390625,3725.697998046875,4373.99072265625,5073.91015625,5828.0703125,6650.36328125,7552.578125,8553.04296875,9670.60546875,10280.796875,10934.54296875,11643.36328125,12419.33984375,13277.890625,14236.16015625,15325.65625,16603.07421875,0.5,0.25,0.25,0.25,0.25,0.25,0.25,0.25,0.25,0.25,0.25,0.25,0.25,0.20040102303028107,0.19999989867210388,-11.59356689453125,-12.829315185546875,-15.221450805664062,-17.92724609375,-20.464706420898438,-19.421875,-17.3934326171875,-15.627838134765625,-14.033767700195312,-12.781906127929688,-11.655029296875,-10.6756591796875,-9.7261962890625,-8.322906494140625,-7.84161376953125,-6.73565673828125,-8.620101928710938,-12.200546264648438,-12.237808227539062,-8.443344116210938,-2.1173553466796875,1.1175537109375,11.498504638671875,23.41815185546875,28.373458862304688,30.081939697265625,32.59135055541992,28.390609741210938,20.317087173461914,-5.16607666015625,-4.7785491943359375,-0.8284912109375,3.3789825439453125,5.6484527587890625,5.874847412109375,5.263580322265625,4.9961090087890625,5.10821533203125,5.3296356201171875,5.4824676513671875,5.5126800537109375,5.4376983642578125,6.4932403564453125,6.9086761474609375,6.275543212890625,5.331756591796875,2.356536865234375,-3.7241363525390625,-5.861602783203125,-4.753936767578125,-2.5497283935546875,-1.6911773681640625,-4.8270721435546875,-6.864501953125,-10.184371948242188,-14.256088256835938,-14.393295288085938,-9.891525268554688
78963.0,1053320.0,-2248807.0863359584,2143440.994547747,2002-01-25,8,2002,1,296.6307373046875,294.7135009765625,293.0644226074219,291.5063781738281,289.8775634765625,288.15289306640625,286.4913330078125,284.7499694824219,283.5970458984375,284.83282470703125,284.1005859375,282.21875,280.6126403808594,277.15380859375,274.3387756347656,271.81768798828125,267.8359375,263.50299072265625,256.615478515625,248.62115478515625,240.42564392089844,237.3502655029297,233.14743041992188,228.7991180419922,223.61927795410156,215.9933319091797,207.94412231445312,199.4599151611328,192.7198486328125,127.70849609375,350.28924560546875,576.1140747070312,806.289794921875,1040.466552734375,1280.69580078125,1526.153564453125,1777.140380859375,2033.836181640625,2299.009033203125,2573.505615234375,2855.2685546875,3145.15966796875,3752.486572265625,4399.576171875,5097.2421875,5851.5234375,6672.24609375,7571.45703125,8559.66796875,9663.765625,10272.8515625,10929.88671875,11643.44921875,12425.078125,13284.9765625,14241.23046875,15329.3125,16607.73046875,0.5,0.5,0.375,0.25,0.25,0.25,0.25,0.25,0.25,0.25,0.25,0.25,0.25,0.19893264770507812,0.19992952048778534,-11.543914794921875,-13.08441162109375,-15.39306640625,-17.254776000976562,-17.155197143554688,-15.572830200195312,-13.86932373046875,-12.548782348632812,-12.36102294921875,-13.27679443359375,-13.253067016601562,-12.28228759765625,-10.654891967773438,-6.940155029296875,-5.89007568359375,-3.7472381591796875,-2.1435546875,-0.0377349853515625,8.140487670898438,15.572265625,20.19317626953125,24.622116088867188,30.724853515625,37.579010009765625,40.33134460449219,37.619415283203125,33.75914764404297,19.648941040039062,12.027130126953125,-2.558135986328125,-2.59954833984375,-1.87115478515625,0.0102386474609375,2.2559814453125,2.8699493408203125,1.6565704345703125,2.28021240234375,3.3071441650390625,2.2033538818359375,1.724029541015625,2.998382568359375,4.215545654296875,4.499176025390625,3.9593963623046875,4.19903564453125,5.97576904296875,1.5428924560546875,-2.1403656005859375,-5.521148681640625,-7.4338531494140625,-8.030593872070312,-6.706024169921875,-3.18994140625,-3.235382080078125,-7.9842987060546875,-10.768417358398438,-7.8552398681640625,-4.766326904296875
78968.0,1053339.0,-1950926.51504222,1509033.8120459528,2002-01-04,0,2002,1,295.95294189453125,293.9499816894531,292.043701171875,290.15460205078125,289.52593994140625,288.38671875,286.9620056152344,285.61993408203125,284.4101867675781,283.5257568359375,282.7054443359375,281.90740966796875,281.18048095703125,278.94873046875,275.4054260253906,271.7850341796875,267.9173583984375,263.1543273925781,255.5304412841797,247.50389099121094,240.4980010986328,237.11495971679688,233.04014587402344,227.8267822265625,221.58558654785156,214.246337890625,207.06370544433594,200.850830078125,195.07171630859375,130.949951171875,352.5813293457031,577.8536987304688,806.753662109375,1040.665771484375,1279.80615234375,1525.77001953125,1776.822021484375,2035.539794921875,2300.517578125,2573.1787109375,2855.06396484375,3145.109130859375,3755.889404296875,4406.51416015625,5105.5078125,5860.3203125,6681.86328125,7577.91015625,8561.21484375,9662.203125,10271.0546875,10927.26953125,11639.5625,12415.12109375,13267.33203125,14217.7109375,15306.2265625,16598.9609375,0.75,0.5,0.5,1.125,0.25,0.25,0.25,0.25,0.25,0.25,0.25,0.20000000298023224,0.20000000298023224,0.2006790190935135,0.19984427094459534,-6.8954315185546875,-7.195953369140625,-7.488067626953125,-7.324188232421875,-6.270050048828125,-6.4847564697265625,-6.8308563232421875,-7.09039306640625,-7.041473388671875,-6.563690185546875,-5.5852508544921875,-3.6540985107421875,-1.3759002685546875,1.0106353759765625,1.6539764404296875,2.8484649658203125,5.708251953125,2.0838775634765625,7.777008056640625,15.669113159179688,22.140396118164062,22.769577026367188,23.751937866210938,24.30206298828125,23.1995849609375,21.498878479003906,21.175752639770508,23.99331283569336,22.230751037597656,-0.6767120361328125,-0.527587890625,0.207733154296875,0.6230316162109375,3.41705322265625,3.971527099609375,4.0969696044921875,3.8454437255859375,3.072723388671875,2.3171844482421875,2.11932373046875,2.508697509765625,3.4463043212890625,6.2932281494140625,5.4307708740234375,-0.0360107421875,0.327178955078125,5.5791168212890625,4.03485107421875,-2.1015777587890625,-1.7890625,-0.1810150146484375,0.4434051513671875,0.7300567626953125,-1.418426513671875,-3.9646759033203125,-5.182861328125,-3.634307861328125,-2.5017852783203125
78970.0,1053341.0,-1928783.302969949,1385913.9995455332,2002-01-05,0,2002,1,297.1891784667969,295.37554931640625,293.40179443359375,291.8243103027344,289.951904296875,289.34344482421875,287.9556579589844,286.487548828125,285.03570556640625,283.69189453125,282.413330078125,281.21173095703125,280.0810546875,277.74127197265625,274.8638000488281,271.6543884277344,267.16644287109375,261.80902099609375,255.32485961914062,248.97154235839844,242.45669555664062,238.26254272460938,234.3801727294922,228.82115173339844,222.56101989746094,215.23406982421875,206.6316375732422,198.77992248535156,196.0874786376953,131.327880859375,355.009033203125,580.4696655273438,811.01513671875,1045.738525390625,1285.27392578125,1532.44189453125,1784.3193359375,2043.436767578125,2309.0185546875,2581.509521484375,2862.34521484375,3151.751708984375,3758.468017578125,4406.544921875,5104.072265625,5856.0546875,6672.88671875,7564.48046875,8550.8359375,9660.2421875,10273.046875,10932.7734375,11648.18359375,12427.31640625,13284.22265625,14236.32421875,15317.70703125,16601.3125,0.42500001192092896,0.25,0.375,1.0,0.25,0.25,0.25,0.25,0.25,0.20000000298023224,0.25,0.20000000298023224,0.20000000298023224,0.21168717741966248,0.1894185096025467,-7.9332275390625,-9.085693359375,-10.385696411132812,-10.644943237304688,-11.206817626953125,-10.43511962890625,-10.033721923828125,-10.427490234375,-10.666152954101562,-10.5418701171875,-9.65631103515625,-8.07037353515625,-5.376220703125,-0.8143157958984375,-6.159210205078125,-3.249420166015625,-0.4040679931640625,-0.5110321044921875,-3.21746826171875,-5.1528778076171875,-2.29266357421875,0.9066925048828125,8.00592041015625,11.352096557617188,14.095046997070312,17.837810516357422,18.216827392578125,19.44037628173828,17.1247501373291,0.7156524658203125,1.107025146484375,1.743316650390625,2.0795440673828125,2.7370452880859375,2.439788818359375,2.075897216796875,1.8703155517578125,1.7355804443359375,1.7789764404296875,1.7625579833984375,1.3430023193359375,0.107086181640625,-0.937744140625,-5.2523956298828125,-11.469772338867188,-12.021759033203125,-13.261703491210938,-17.110977172851562,-20.048355102539062,-25.473159790039062,-30.3277587890625,-29.50006103515625,-28.836395263671875,-26.83050537109375,-20.048004150390625,-16.787887573242188,-17.23150634765625,-13.6248779296875
78962.0,1053315.0,-2087619.6335879264,2170673.131033389,2002-01-20,4,2002,1,295.69647216796875,293.5395202636719,291.3404541015625,289.4998474121094,287.20654296875,285.37799072265625,283.7669677734375,282.1951904296875,280.60125732421875,278.91192626953125,277.27056884765625,275.72637939453125,274.28643798828125,270.4208984375,267.18255615234375,265.57672119140625,263.1298828125,257.67828369140625,251.41673278808594,244.98680114746094,238.82833862304688,234.8910675048828,230.07948303222656,226.0956268310547,221.60064697265625,215.8212432861328,210.4430389404297,203.5469207763672,200.11972045898438,114.14463806152344,334.2218933105469,558.3447265625,786.805908203125,1019.5849609375,1257.076416015625,1500.28515625,1748.41162109375,2003.4814453125,2264.235595703125,2532.127197265625,2807.59619140625,3090.484619140625,3683.455322265625,4314.7314453125,4994.01953125,5733.5546875,6537.66015625,7415.89453125,8386.24609375,9479.64453125,10083.0546875,10732.5546875,11436.3671875,12209.640625,13064.6953125,14026.171875,15132.28125,16446.91015625,1.0,1.5,1.0,0.5,0.5,0.25,0.25,0.25,0.25,0.25,0.25,0.25,0.25,0.20068702101707458,0.19999904930591583,-9.06549072265625,-9.348495483398438,-9.433441162109375,-9.704971313476562,-9.827743530273438,-9.18927001953125,-7.1079254150390625,-4.97943115234375,-5.3878326416015625,-6.0883941650390625,-6.529998779296875,-6.4066314697265625,-5.658416748046875,-3.290740966796875,-0.2975921630859375,4.86810302734375,13.058074951171875,18.310043334960938,24.82464599609375,32.096160888671875,40.44990539550781,46.365020751953125,51.502105712890625,55.512420654296875,56.96818542480469,54.37437438964844,49.65606689453125,41.189666748046875,25.478164672851562,-5.9920654296875,-6.11810302734375,-6.1265411376953125,-5.9512481689453125,-4.9879302978515625,-3.7261199951171875,-1.1679840087890625,1.05963134765625,0.6837615966796875,0.552947998046875,0.99261474609375,2.0728607177734375,3.7111358642578125,6.07244873046875,6.5135040283203125,6.4511566162109375,6.419708251953125,5.222412109375,6.1012725830078125,9.928176879882812,13.193206787109375,15.458206176757812,16.916748046875,18.141876220703125,18.274200439453125,13.007553100585938,4.0737152099609375,-5.0359344482421875,-3.5161590576171875
109035.0,1053317.0,-2202221.9798187665,2124101.9730684515,2002-01-16,4,2002,1,296.2236328125,294.1732177734375,292.40301513671875,290.5916748046875,288.6202392578125,286.83056640625,285.0721435546875,283.4327697753906,281.71441650390625,282.0328369140625,283.5159912109375,282.44976806640625,281.000732421875,277.9930725097656,275.20111083984375,272.8358154296875,269.7843017578125,263.4161682128906,256.281982421875,249.78749084472656,241.2277069091797,235.9593505859375,230.9678955078125,225.54232788085938,220.08624267578125,214.83444213867188,208.2067413330078,199.9754180908203,196.41709899902344,113.35231018066406,334.8480224609375,560.1258544921875,789.369384765625,1023.296142578125,1262.247802734375,1506.438232421875,1755.177001953125,2010.79833984375,2273.024658203125,2545.728759765625,2826.97802734375,3117.019287109375,3725.18359375,4373.4794921875,5072.23046875,5830.7890625,6654.8203125,7550.9140625,8541.296875,9650.69140625,10258.80078125,10910.1875,11614.76171875,12383.33203125,13234.6484375,14189.23828125,15279.4296875,16568.7890625,0.5,0.25,0.25,0.25,0.25,0.25,0.25,0.25,0.20000000298023224,0.25,0.25,0.20000000298023224,0.20000000298023224,0.2007608413696289,0.19998636841773987,-5.65521240234375,-6.301971435546875,-7.600433349609375,-7.74346923828125,-7.19378662109375,-6.26422119140625,-4.8603057861328125,-1.8187713623046875,-0.0621490478515625,-2.5714111328125,-5.5853118896484375,-6.094696044921875,-5.8275299072265625,-6.21087646484375,-5.93988037109375,-3.1440887451171875,1.7030487060546875,2.9935760498046875,3.07855224609375,6.957122802734375,9.393768310546875,12.36224365234375,12.2598876953125,11.225152015686035,9.211803436279297,7.640433311462402,6.3415937423706055,7.6784210205078125,-1.1233863830566406,-8.23175048828125,-8.781265258789062,-8.46075439453125,-7.3514251708984375,-6.738616943359375,-6.2725982666015625,-6.1574554443359375,-6.419708251953125,-5.9918975830078125,-5.6524810791015625,-6.7318572998046875,-8.257400512695312,-9.8924560546875,-13.253982543945312,-15.1707763671875,-15.041351318359375,-11.974822998046875,-12.416091918945312,-18.084518432617188,-18.607925415039062,-18.762222290039062,-17.716873168945312,-18.833236694335938,-21.326263427734375,-22.63861083984375,-21.355606079101562,-21.46514892578125,-19.220230102539062,-15.88922119140625
78965.0,1053326.0,-2227637.4250639523,2085040.0831198404,2002-01-02,0,2002,1,296.7447814941406,294.8185119628906,293.0277099609375,291.08551025390625,289.248779296875,287.82623291015625,286.0806884765625,284.64202880859375,283.60888671875,282.83392333984375,282.57171630859375,281.4234619140625,279.8681335449219,278.16168212890625,276.8462219238281,273.60748291015625,268.5697021484375,263.22003173828125,256.7994384765625,251.37527465820312,243.9530487060547,239.75965881347656,234.49526977539062,228.38235473632812,221.94329833984375,214.401123046875,207.23794555664062,199.04832458496094,191.8124542236328,143.59933471679688,366.58697509765625,591.85400390625,822.02978515625,1056.2705078125,1295.094482421875,1540.030029296875,1790.401123046875,2047.669677734375,2311.58740234375,2584.023193359375,2865.294921875,3154.570556640625,3760.986328125,4412.4677734375,5115.30859375,5872.54296875,6693.66796875,7591.22265625,8584.9296875,9704.56640625,10320.4453125,10983.171875,11697.921875,12475.07421875,13328.23828125,14280.77734375,15364.8515625,16640.22265625,0.675000011920929,0.30000001192092896,0.2750000059604645,0.75,0.25,0.25,0.25,0.25,0.20000000298023224,0.20000000298023224,0.20000000298023224,0.20000000298023224,0.20000000298023224,0.209740549325943,0.19741544127464294,-5.19696044921875,-5.53009033203125,-5.961822509765625,-6.1544189453125,-6.176605224609375,-6.8359832763671875,-7.2049102783203125,-7.151275634765625,-6.183685302734375,-4.5413360595703125,-3.2612152099609375,-2.387603759765625,-1.724945068359375,0.1090240478515625,0.9782562255859375,0.9229888916015625,2.8156280517578125,1.8889007568359375,2.1440887451171875,9.260879516601562,21.285430908203125,25.282211303710938,25.827224731445312,25.880813598632812,24.67728042602539,23.359703063964844,22.126113891601562,19.846607208251953,8.145697593688965,-1.263153076171875,-1.5042724609375,-1.848602294921875,-2.5746917724609375,-3.2346954345703125,-4.8575897216796875,-5.600494384765625,-5.0056304931640625,-2.9667510986328125,-1.6465606689453125,-1.21234130859375,-1.6057586669921875,-3.57501220703125,-6.4847564697265625,-6.9427490234375,-5.975921630859375,-3.6056976318359375,2.04901123046875,-2.1615142822265625,-4.2170867919921875,-4.8943328857421875,-2.140838623046875,-2.44329833984375,-2.4369659423828125,-1.818389892578125,-1.626678466796875,-2.99310302734375,-9.107620239257812,-8.110519409179688
79050.0,1053638.0,-854094.5284325065,1577186.595191143,2002-01-28,1,2002,1,294.5363464355469,292.4605712890625,291.077392578125,290.2718505859375,289.7152099609375,288.6954345703125,287.4869384765625,286.1944580078125,284.8709716796875,283.45989990234375,282.00189208984375,280.59326171875,279.1773681640625,276.2323303222656,272.8499755859375,270.02886962890625,266.0045471191406,261.5736083984375,257.65020751953125,250.54818725585938,242.50564575195312,237.35911560058594,232.15353393554688,226.6543731689453,219.76023864746094,212.6844482421875,207.12319946289062,201.56552124023438,199.0142822265625,114.21142578125,333.93231201171875,557.4730224609375,785.637939453125,1020.058349609375,1260.7802734375,1506.8857421875,1758.78759765625,2018.265380859375,2283.718017578125,2556.23095703125,2836.439208984375,3125.640625,3731.390625,4376.2431640625,5070.90625,5820.19921875,6636.20703125,7531.64453125,8529.63671875,9641.91796875,10253.3984375,10908.93359375,11616.73828125,12387.72265625,13232.3125,14179.55078125,15270.32421875,16575.51171875,0.5,0.375,0.25,0.25,0.25,0.25,0.25,0.25,0.25,0.20000000298023224,0.20000000298023224,0.20000000298023224,0.20000000298023224,0.19784003496170044,0.19996337592601776,-8.170684814453125,-9.090469360351562,-11.184814453125,-11.651290893554688,-10.194198608398438,-9.091751098632812,-8.263931274414062,-7.5395965576171875,-6.911224365234375,-6.379486083984375,-5.5571136474609375,-4.2773590087890625,-2.8245849609375,-0.995635986328125,0.700103759765625,2.6199951171875,0.94378662109375,1.9777984619140625,5.3824462890625,6.55206298828125,4.4739227294921875,9.659027099609375,14.395552635192871,17.026845932006836,19.351125717163086,12.52293872833252,6.90975284576416,5.237959861755371,4.096829414367676,2.3819122314453125,2.586944580078125,2.2307281494140625,0.6782684326171875,0.1148834228515625,-0.0423736572265625,-0.0327606201171875,-0.3242034912109375,-0.622344970703125,-0.3937225341796875,0.241790771484375,1.2608184814453125,2.7335052490234375,5.748443603515625,6.223236083984375,4.7845916748046875,5.8922119140625,4.273956298828125,0.965850830078125,-3.8958282470703125,5.7611846923828125,1.9844970703125,-2.722808837890625,-0.46673583984375,3.03118896484375,-7.5583953857421875,-19.264801025390625,-21.090133666992188,-8.270050048828125
109088.0,1053342.0,-1976664.52397789,1343074.648477972,2002-01-14,12,2002,1,294.3021240234375,292.28411865234375,291.1732177734375,290.1331481933594,288.98052978515625,287.69866943359375,286.42425537109375,285.1605224609375,283.7959289550781,282.2581787109375,280.76214599609375,279.23797607421875,277.6119384765625,274.30120849609375,272.454833984375,272.16204833984375,270.0389404296875,263.8771057128906,257.0506896972656,249.35716247558594,241.8258514404297,237.92440795898438,232.811767578125,226.69625854492188,220.44190979003906,213.55606079101562,206.692138671875,198.60888671875,194.2482147216797,139.91455078125,359.62286376953125,583.3543701171875,811.77294921875,1045.791015625,1284.624267578125,1530.005859375,1780.873291015625,2038.961181640625,2302.991943359375,2574.205810546875,2853.438720703125,3140.8095703125,3741.900390625,4382.60595703125,5078.25,5836.0703125,6661.2890625,7559.55859375,8549.87890625,9658.19921875,10269.5859375,10927.203125,11636.546875,12407.97265625,13256.76171875,14206.28125,15287.73046875,16566.640625,0.75,0.5,0.25,0.25,0.25,0.25,0.25,0.25,0.25,0.25,0.25,0.25,0.25,0.18848352134227753,0.19999560713768005,-7.1664276123046875,-7.546661376953125,-9.781143188476562,-10.304595947265625,-9.887435913085938,-9.361923217773438,-9.02490234375,-8.710556030273438,-8.271408081054688,-7.7197113037109375,-6.9918212890625,-6.4736785888671875,-6.6742706298828125,-7.4708099365234375,-9.385986328125,-6.8160400390625,-0.9404754638671875,-2.3433990478515625,-3.9029083251953125,-4.79022216796875,-0.460540771484375,2.3867034912109375,2.8082733154296875,5.71441650390625,10.531393051147461,12.957592964172363,16.322032928466797,11.510252952575684,4.272686004638672,4.6478118896484375,4.3798828125,2.026336669921875,0.9713897705078125,0.956024169921875,1.073333740234375,1.055633544921875,1.1470947265625,1.450958251953125,1.9556884765625,2.5766448974609375,3.1771392822265625,3.6902923583984375,1.646026611328125,-6.685150146484375,-12.984420776367188,-12.23516845703125,-12.269561767578125,-14.700241088867188,-11.771469116210938,-10.21063232421875,-13.702362060546875,-13.212570190429688,-10.882431030273438,-8.420684814453125,-11.786056518554688,-12.774200439453125,-15.239547729492188,-10.908172607421875
109088.0,1053342.0,-1896329.8250921576,1413786.263678206,2002-01-22,12,2002,1,297.62640380859375,295.4407653808594,293.398681640625,292.02813720703125,290.784912109375,289.390625,287.8493957519531,286.22784423828125,284.5304260253906,282.96087646484375,283.4834289550781,283.0443115234375,280.64105224609375,275.97711181640625,272.47393798828125,268.90289306640625,264.88665771484375,260.3742980957031,255.3290557861328,248.96514892578125,241.77081298828125,236.28514099121094,231.8229522705078,226.0444793701172,220.76168823242188,214.80784606933594,208.41748046875,201.57090759277344,195.79959106445312,99.98388671875,322.33123779296875,548.2178344726562,778.446044921875,1013.832763671875,1255.115478515625,1501.98583984375,1753.676025390625,2012.30029296875,2276.708251953125,2549.160888671875,2832.311767578125,3122.795166015625,3728.50634765625,4371.7314453125,5063.3671875,5809.40234375,6621.25,7511.40234375,8498.5,9608.5859375,10217.5390625,10870.43359375,11577.51953125,12348.67578125,13200.87890625,14155.5,15250.67578125,16546.6484375,1.0,1.0,0.75,0.25,0.25,0.25,0.25,0.25,0.25,0.25,0.20000000298023224,0.20000000298023224,0.25,0.21045207977294922,0.20000000298023224,-14.4078369140625,-15.416122436523438,-16.217010498046875,-19.188323974609375,-19.632705688476562,-18.912033081054688,-17.81982421875,-16.595245361328125,-15.456695556640625,-13.826904296875,-11.694564819335938,-9.678253173828125,-7.5982513427734375,-4.7807464599609375,-3.463226318359375,-3.361724853515625,-2.92596435546875,-0.9497528076171875,2.3673095703125,5.7461090087890625,9.504364013671875,11.817337036132812,17.348953247070312,20.236801147460938,20.096817016601562,18.632736206054688,15.762130737304688,11.205154418945312,12.883285522460938,1.6888885498046875,1.831146240234375,2.0211334228515625,4.0712432861328125,4.8990325927734375,4.839202880859375,4.9253692626953125,5.194427490234375,5.547637939453125,5.2011260986328125,3.4969940185546875,1.038787841796875,-0.5467681884765625,0.1543731689453125,2.99755859375,3.2299041748046875,3.4650421142578125,6.1072845458984375,10.5927734375,11.79833984375,11.269195556640625,10.502685546875,6.5101776123046875,3.6580657958984375,1.6612396240234375,0.6523895263671875,-1.1372528076171875,-3.264373779296875,0.2463531494140625
109067.0,1053330.0,-2004689.649242178,1877143.264078982,2002-01-26,9,2002,1,296.1552734375,294.0374755859375,292.1922607421875,290.3836364746094,288.8397521972656,288.18359375,287.2715759277344,286.3804626464844,285.45751953125,284.60467529296875,283.9609375,283.27056884765625,282.05908203125,279.4617919921875,277.614990234375,273.1248474121094,268.74591064453125,262.8098449707031,255.3751983642578,248.63742065429688,241.640869140625,238.01657104492188,233.08705139160156,227.8787384033203,221.5621337890625,214.633544921875,207.88357543945312,199.0655059814453,194.4749755859375,110.51904296875,331.97869873046875,556.85888671875,786.4345703125,1020.345947265625,1259.613037109375,1505.55029296875,1757.3955078125,2016.744873046875,2282.4541015625,2556.552001953125,2839.2568359375,3131.22900390625,3743.197998046875,4397.99072265625,5103.41015625,5859.5703125,6682.36328125,7577.578125,8563.04296875,9670.60546875,10281.296875,10940.04296875,11651.36328125,12427.83984375,13280.390625,14233.66015625,15321.15625,16601.57421875,0.75,0.75,0.75,1.0,0.375,0.25,0.25,0.25,0.25,0.25,0.25,0.25,0.25,0.20040102303028107,0.19999989867210388,-12.74981689453125,-14.032440185546875,-15.377700805664062,-16.70849609375,-17.277206420898438,-16.71875,-15.7371826171875,-14.362213134765625,-12.815017700195312,-12.094406127929688,-12.030029296875,-11.8162841796875,-10.8355712890625,-8.494781494140625,-6.04473876953125,-3.57940673828125,-2.9013519287109375,4.0494537353515625,9.840316772460938,10.384780883789062,15.523269653320312,20.6488037109375,26.107879638671875,32.34002685546875,37.38908386230469,41.035064697265625,42.73197555541992,36.23435974121094,24.067087173461914,0.55267333984375,0.8933258056640625,1.5308837890625,2.5821075439453125,4.1484527587890625,4.015472412109375,3.076080322265625,1.6054840087890625,-0.00115966796875,-1.0453643798828125,-1.7987823486328125,-2.4716949462890625,-2.7654266357421875,-0.8505096435546875,1.1274261474609375,1.322418212890625,4.581756591796875,-4.455963134765625,-9.724136352539062,-6.424102783203125,3.933563232421875,0.2315216064453125,-1.0505523681640625,-1.2020721435546875,-4.208251953125,-8.887496948242188,-13.396713256835938,-14.127670288085938,-8.172775268554688
109088.0,1053342.0,-2035964.4835923368,1353465.113072883,2002-01-17,12,2002,1,296.6551818847656,294.45574951171875,292.18731689453125,290.36602783203125,288.346435546875,286.9201354980469,285.3399353027344,283.8251037597656,282.43017578125,281.18255615234375,280.12353515625,279.4136657714844,278.33349609375,275.9676818847656,273.7684631347656,270.58050537109375,268.213623046875,263.4205322265625,257.15478515625,250.05657958984375,240.8510284423828,235.64199829101562,230.74436950683594,225.6179962158203,220.08531188964844,212.6609344482422,207.1142578125,198.89476013183594,195.90505981445312,125.49160766601562,347.25244140625,572.387939453125,801.42138671875,1034.401123046875,1273.305908203125,1517.933349609375,1767.463134765625,2024.44873046875,2287.14501953125,2557.397705078125,2836.062255859375,3123.75732421875,3726.5322265625,4372.62890625,5065.76171875,5818.734375,6640.7578125,7538.66015625,8530.9375,9640.19921875,10247.16015625,10898.48828125,11602.9921875,12372.71875,13217.59375,14164.8046875,15250.30078125,16533.57421875,0.625,0.625,0.5,0.75,0.25,0.25,0.25,0.25,0.25,0.20000000298023224,0.20000000298023224,0.20000000298023224,0.25,0.20147553086280823,0.19974680244922638,-5.950469970703125,-6.1840667724609375,-6.405792236328125,-6.677703857421875,-6.712799072265625,-4.935791015625,-3.1151885986328125,-1.0366363525390625,0.6943206787109375,1.1685791015625,0.4853668212890625,-0.555084228515625,-1.8659820556640625,-5.27691650390625,-7.044403076171875,-6.574859619140625,-2.3061676025390625,0.155670166015625,-0.25115966796875,1.2601776123046875,0.471832275390625,1.347442626953125,1.840667724609375,2.842987060546875,3.1780948638916016,7.0344390869140625,10.022079467773438,9.667449951171875,4.589438438415527,-5.646148681640625,-5.923614501953125,-6.14532470703125,-6.3791961669921875,-6.51190185546875,-6.7743682861328125,-6.1891937255859375,-4.677215576171875,-2.438720703125,-0.376068115234375,1.40966796875,2.31805419921875,2.369415283203125,-1.48834228515625,-8.489227294921875,-14.714126586914062,-18.190139770507812,-14.866012573242188,-15.591812133789062,-9.167434692382812,-8.310043334960938,-8.7066650390625,-10.916183471679688,-11.991043090820312,-8.702423095703125,-4.7716064453125,-7.9388427734375,-11.320510864257812,-9.328170776367188
109071.0,1053331.0,-1952740.245071998,1832745.561072704,2002-01-20,3,2002,1,295.54022216796875,293.3520202636719,291.1217041015625,289.0623474121094,287.61279296875,286.04986572265625,284.4075927734375,282.6795654296875,281.02313232421875,279.58380126953125,278.09869384765625,276.72637939453125,275.31768798828125,272.7021484375,270.72943115234375,269.06109619140625,264.8642578125,259.53765869140625,253.65110778808594,247.97117614746094,240.21896362304688,235.5941925048828,230.11073303222656,224.9550018310547,221.63189697265625,214.5556182861328,207.9742889404297,201.1094207763672,197.60409545898438,107.14463806152344,327.7218933105469,551.3447265625,779.305908203125,1012.0849609375,1250.076416015625,1493.78515625,1742.91162109375,1997.9814453125,2259.735595703125,2528.127197265625,2804.59619140625,3088.984619140625,3685.955322265625,4323.2314453125,5012.01953125,5758.5546875,6568.16015625,7453.39453125,8434.74609375,9538.14453125,10144.5546875,10795.0546875,11496.8671875,12268.640625,13121.6953125,14074.671875,15166.78125,16465.41015625,0.75,1.5,2.25,1.25,0.25,0.25,0.25,0.25,0.25,0.25,0.25,0.25,0.25,0.20068702101707458,0.19999904930591583,-5.00299072265625,-5.0672454833984375,-5.058441162109375,-5.0643463134765625,-6.1402435302734375,-6.15802001953125,-5.1391754150390625,-3.18255615234375,-1.4190826416015625,-0.3383941650390625,0.470001220703125,0.7339935302734375,0.591583251953125,2.412384033203125,8.389907836914062,14.72747802734375,14.183074951171875,16.403793334960938,25.27777099609375,32.408660888671875,35.18428039550781,37.630645751953125,40.673980712890625,43.481170654296875,45.98381042480469,48.81187438964844,46.10919189453125,39.814666748046875,28.040664672851562,2.7579345703125,2.74127197265625,2.7015838623046875,2.5175018310546875,0.3401947021484375,0.6020050048828125,1.7851409912109375,3.16900634765625,4.9337615966796875,6.849822998046875,8.55511474609375,10.697860717773438,12.211135864257812,10.66619873046875,6.6853790283203125,4.5449066162109375,5.716583251953125,5.206787109375,5.3512725830078125,11.178176879882812,15.740081787109375,14.692581176757812,13.151123046875,14.126251220703125,15.336700439453125,10.538803100585938,2.6674652099609375,-3.4734344482421875,-4.3599090576171875
109071.0,1053331.0,-1931275.919475806,1823860.6444083927,2002-01-22,3,2002,1,297.43890380859375,295.2845153808594,293.476806640625,291.99688720703125,290.519287109375,288.96875,287.3337707519531,285.64971923828125,283.8741760253906,282.30462646484375,282.5146789550781,281.7786865234375,279.62542724609375,275.35211181640625,272.20831298828125,268.91851806640625,264.29290771484375,258.9524230957031,253.5634307861328,247.99639892578125,240.78643798828125,235.87889099121094,229.6510772705078,224.1538543701172,220.83981323242188,215.05784606933594,208.12060546875,201.86778259277344,197.19021606445312,112.98388671875,335.33123779296875,561.2178344726562,791.446044921875,1026.832763671875,1267.615478515625,1514.48583984375,1765.676025390625,2023.80029296875,2287.708251953125,2559.160888671875,2840.811767578125,3130.295166015625,3734.00634765625,4376.7314453125,5068.3671875,5813.90234375,6622.75,7506.90234375,8489.0,9594.5859375,10202.0390625,10852.43359375,11552.01953125,12320.17578125,13173.37890625,14128.0,15222.17578125,16524.1484375,0.75,0.75,1.0,0.75,0.5,0.25,0.25,0.25,0.25,0.25,0.20000000298023224,0.20000000298023224,0.25,0.21045207977294922,0.20000000298023224,-12.4234619140625,-13.228622436523438,-14.607635498046875,-17.172698974609375,-19.132705688476562,-18.271408081054688,-16.19482421875,-14.423370361328125,-12.769195556640625,-11.014404296875,-9.710189819335938,-8.412628173828125,-6.6138763427734375,-3.7807464599609375,-3.244476318359375,-1.455474853515625,1.51153564453125,2.7689971923828125,5.5548095703125,10.730484008789062,15.504364013671875,19.879837036132812,22.723953247070312,26.752426147460938,28.237442016601562,29.945236206054688,27.809005737304688,21.205154418945312,13.992660522460938,0.7513885498046875,0.924896240234375,1.7555084228515625,4.3212432861328125,7.2896575927734375,8.042327880859375,6.5503692626953125,5.397552490234375,4.938262939453125,5.3886260986328125,5.7782440185546875,4.288787841796875,2.5313568115234375,2.7168731689453125,2.70068359375,3.0424041748046875,4.0900421142578125,4.9041595458984375,8.7958984375,11.45458984375,12.550445556640625,9.565185546875,7.8539276123046875,4.3924407958984375,0.2237396240234375,-1.7538604736328125,-4.1841278076171875,-6.920623779296875,1.1369781494140625
109026.0,1053314.0,-2074715.2926935789,2106693.19856634,2002-01-13,7,2002,1,295.6468811035156,293.5754699707031,291.6943664550781,290.00665283203125,289.435791015625,287.6783447265625,285.44708251953125,283.25714111328125,281.7337646484375,281.040771484375,280.8392028808594,280.11163330078125,279.365234375,278.4362487792969,274.76629638671875,270.58209228515625,267.772705078125,262.06463623046875,256.1714172363281,250.5583953857422,243.02662658691406,237.75296020507812,233.3572540283203,227.1986083984375,220.55516052246094,212.94769287109375,205.17893981933594,198.3070831298828,193.50596618652344,154.6982421875,375.6765441894531,600.669677734375,829.04296875,1062.989013671875,1301.32275390625,1545.74951171875,1795.0810546875,2051.47119140625,2313.603759765625,2583.631591796875,2863.2080078125,3151.28076171875,3756.91162109375,4406.47998046875,5101.28515625,5853.25,6672.76953125,7565.5625,8557.73046875,9673.03515625,10285.72265625,10942.78515625,11654.37109375,12427.17578125,13274.9140625,14218.24609375,15295.08203125,16572.40625,0.75,0.5,1.0,1.0,0.25,0.25,0.25,0.25,0.25,0.25,0.25,0.25,0.25,0.281632661819458,0.19618606567382812,-9.797870635986328,-10.600616455078125,-11.511154174804688,-11.578048706054688,-9.790390014648438,-8.660568237304688,-8.10809326171875,-7.6254425048828125,-6.2480621337890625,-6.0743560791015625,-7.6937713623046875,-9.582870483398438,-11.484359741210938,-15.369171142578125,-12.040924072265625,-5.69635009765625,2.9863128662109375,4.891387939453125,2.2000579833984375,5.1739959716796875,8.189865112304688,5.270294189453125,6.5511322021484375,8.155044555664062,7.826630592346191,6.96031379699707,13.2444429397583,11.915054321289062,12.182013511657715,-3.1861419677734375,-3.1814727783203125,-2.839080810546875,-2.5139617919921875,-1.925079345703125,-2.0835113525390625,-1.993255615234375,-1.62554931640625,-0.380401611328125,0.9990386962890625,1.1167755126953125,-0.0776824951171875,-1.77874755859375,-6.0107269287109375,-10.014312744140625,-13.42498779296875,-14.24774169921875,-12.550979614257812,-15.967544555664062,-21.91510009765625,-24.893142700195312,-28.53839111328125,-30.189956665039062,-27.238723754882812,-27.568939208984375,-26.0721435546875,-20.222854614257812,-16.506591796875,-11.050064086914062
109081.0,1053334.0,-1392696.3998116248,1474514.2882243134,2002-01-02,0,2002,1,295.1510314941406,293.0997619628906,291.7777099609375,292.03863525390625,290.858154296875,289.07623291015625,287.5025634765625,286.20452880859375,284.79638671875,283.45892333984375,282.10296630859375,280.8765869140625,279.7743835449219,278.08355712890625,276.0649719238281,272.41998291015625,268.1634521484375,264.20440673828125,258.2994384765625,251.40652465820312,245.2342987060547,240.07215881347656,234.74526977539062,228.86672973632812,222.03704833984375,214.854248046875,206.59732055664062,197.86082458496094,190.0937042236328,132.09933471679688,352.58697509765625,576.35400390625,806.02978515625,1041.2705078125,1281.594482421875,1528.030029296875,1779.901123046875,2039.169677734375,2304.08740234375,2577.023193359375,2857.294921875,3146.570556640625,3753.486328125,4404.4677734375,5104.30859375,5860.54296875,6682.66796875,7585.22265625,8581.4296875,9703.06640625,10321.4453125,10984.171875,11700.421875,12478.07421875,13333.23828125,14284.27734375,15363.8515625,16629.72265625,0.925000011920929,0.5249999761581421,0.4000000059604645,0.25,0.25,0.25,0.25,0.25,0.20000000298023224,0.20000000298023224,0.20000000298023224,0.20000000298023224,0.20000000298023224,0.209740549325943,0.19741544127464294,-7.50946044921875,-8.13946533203125,-10.211822509765625,-10.5606689453125,-9.926605224609375,-9.414108276367188,-8.829910278320312,-8.104400634765625,-7.324310302734375,-6.5257110595703125,-5.9330902099609375,-5.684478759765625,-5.693695068359375,-5.5941009521484375,-4.3967437744140625,-5.4207611083984375,-7.9812469482421875,-5.1423492431640625,-3.9340362548828125,1.7608795166015625,20.097930908203125,20.719711303710938,21.014724731445312,20.583938598632812,19.72415542602539,19.062828063964844,20.032363891601562,18.705982208251953,7.864447593688965,-0.388153076171875,-0.8167724609375,-2.457977294921875,-4.3871917724609375,-4.3284454345703125,-3.7169647216796875,-2.928619384765625,-1.9900054931640625,-1.3886260986328125,-1.3028106689453125,-1.80609130859375,-2.6370086669921875,-3.82501220703125,-6.7035064697265625,-9.8958740234375,-9.569671630859375,-4.6525726318359375,-6.12286376953125,-9.864639282226562,-8.779586791992188,-10.206832885742188,-10.109588623046875,-10.84954833984375,-10.405715942382812,-9.427764892578125,-9.173553466796875,-8.77435302734375,-12.982620239257812,-10.204269409179688
109026.0,1053314.0,-2154789.132652848,2046388.899722696,2002-01-26,7,2002,1,296.1865234375,294.1937255859375,292.2078857421875,290.3055114746094,289.0116271972656,288.12109375,287.0059509277344,286.0367126464844,285.17626953125,284.37030029296875,283.7421875,282.78619384765625,281.38720703125,278.6024169921875,277.146240234375,273.4998474121094,268.99591064453125,262.5754699707031,255.3595733642578,248.40304565429688,240.422119140625,237.61032104492188,232.80580139160156,227.3162384033203,221.5308837890625,214.164794921875,207.68045043945312,199.2373809814453,195.6624755859375,117.01904296875,338.47869873046875,564.35888671875,792.9345703125,1026.345947265625,1266.113037109375,1512.05029296875,1763.3955078125,2022.244873046875,2287.9541015625,2561.552001953125,2844.2568359375,3135.72900390625,3745.697998046875,4397.99072265625,5102.91015625,5861.0703125,6683.36328125,7577.578125,8563.54296875,9667.10546875,10276.296875,10933.54296875,11643.86328125,12419.33984375,13270.390625,14222.16015625,15309.65625,16593.57421875,0.75,0.5,0.5,0.5,0.25,0.25,0.25,0.25,0.25,0.25,0.25,0.25,0.25,0.20040102303028107,0.19999989867210388,-11.92169189453125,-13.188690185546875,-14.815200805664062,-15.58349609375,-16.558456420898438,-16.0,-14.7528076171875,-13.049713134765625,-11.815017700195312,-11.750656127929688,-12.326904296875,-12.3944091796875,-11.2418212890625,-7.744781494140625,-2.54473876953125,1.84246826171875,3.7861480712890625,9.486953735351562,12.527816772460938,12.134780883789062,18.320144653320312,24.0238037109375,28.623504638671875,34.18377685546875,39.01408386230469,42.988189697265625,45.07572555541992,37.60935974121094,24.582712173461914,-0.75982666015625,-0.6691741943359375,-0.1409912109375,0.2071075439453125,1.7578277587890625,1.374847412109375,1.091705322265625,0.1211090087890625,-0.90740966796875,-1.8891143798828125,-2.4081573486328125,-2.3310699462890625,-2.3748016357421875,-1.1161346435546875,1.0180511474609375,2.384918212890625,3.878631591796875,-3.143463134765625,-6.2710113525390625,-4.892852783203125,-0.925811767578125,-1.6434783935546875,-0.8630523681640625,0.7354278564453125,-1.067626953125,-6.3562469482421875,-12.552963256835938,-14.112045288085938,-8.766525268554688
109062.0,1053324.0,-2122097.955546276,2052193.3108292664,2002-01-04,0,2002,1,295.71856689453125,293.6218566894531,291.949951171875,290.81085205078125,289.88531494140625,288.23046875,286.9463806152344,285.96368408203125,284.3633117675781,282.8538818359375,281.4398193359375,280.25115966796875,279.02423095703125,276.79248046875,274.7491760253906,270.8162841796875,265.5267333984375,258.7793273925781,252.5148162841797,245.75389099121094,239.6386260986328,237.05245971679688,234.14952087402344,229.6080322265625,223.85121154785156,216.543212890625,207.73558044433594,199.803955078125,196.61859130859375,142.949951171875,364.5813293457031,588.8536987304688,818.253662109375,1052.665771484375,1291.80615234375,1537.77001953125,1788.822021484375,2047.539794921875,2312.017578125,2584.1787109375,2864.06396484375,3153.109130859375,3757.889404296875,4404.51416015625,5101.0078125,5850.8203125,6659.86328125,7541.41015625,8515.71484375,9610.703125,10218.0546875,10875.76953125,11592.5625,12375.12109375,13237.83203125,14194.7109375,15282.2265625,16571.4609375,0.5,0.25,0.5,0.25,0.25,0.25,0.25,0.25,0.25,0.25,0.25,0.20000000298023224,0.20000000298023224,0.2006790190935135,0.19984427094459534,-5.0204315185546875,-5.242828369140625,-5.472442626953125,-5.980438232421875,-5.113800048828125,-4.4066314697265625,-3.7996063232421875,-3.51226806640625,-3.072723388671875,-2.235565185546875,-0.9915008544921875,0.2365264892578125,1.2959747314453125,3.3075103759765625,8.591476440429688,15.145339965820312,17.411376953125,15.880752563476562,17.839508056640625,20.200363159179688,26.437271118164062,28.113327026367188,29.861312866210938,33.02081298828125,34.7308349609375,34.467628479003906,33.113250732421875,33.50893783569336,24.808876037597656,1.1514129638671875,1.144287109375,1.098358154296875,0.0917816162109375,-2.00482177734375,-3.825347900390625,-5.4342803955078125,-4.3733062744140625,-3.192901611328125,-2.1828155517578125,-1.11505126953125,0.211822509765625,1.0556793212890625,-0.5348968505859375,-4.0692291259765625,-5.8328857421875,-5.797821044921875,-7.5615081787109375,-7.94952392578125,-3.6172027587890625,2.1015625,0.8189849853515625,-2.7909698486328125,-5.8168182373046875,-11.543426513671875,-12.995925903320312,-8.214111328125,-7.462432861328125,-8.408035278320312
109026.0,1053314.0,-2200153.593417566,2073710.630559663,2002-01-21,7,2002,1,291.4545593261719,289.7098083496094,288.9815673828125,288.2586669921875,287.238525390625,285.98431396484375,284.7103271484375,283.2995300292969,281.87261962890625,280.39300537109375,278.8633117675781,277.2457275390625,275.6060791015625,273.2330322265625,270.86468505859375,267.75946044921875,262.9828186035156,257.1085205078125,251.10337829589844,245.6096649169922,240.70144653320312,236.32315063476562,230.25096130371094,225.72303771972656,222.57167053222656,216.2378387451172,207.68453979492188,200.19357299804688,197.9919891357422,151.855224609375,370.60040283203125,592.1492919921875,818.828125,1051.101806640625,1288.182373046875,1531.829833984375,1781.54638671875,2037.637939453125,2299.790771484375,2568.997314453125,2845.951904296875,3131.304931640625,3728.2353515625,4367.61669921875,5056.01953125,5799.00390625,6602.47265625,7478.5859375,8449.984375,9548.35546875,10155.8515625,10807.953125,11510.46875,12285.6875,13145.46484375,14101.61328125,15189.68359375,16484.6484375,0.25,0.375,0.25,0.25,0.25,0.25,0.25,0.25,0.25,0.25,0.25,0.25,0.25,0.10312481224536896,0.19994382560253143,-2.1993865966796875,-4.0609130859375,-5.945220947265625,-4.6802978515625,-3.2865753173828125,-2.3406829833984375,-1.6715240478515625,-1.0891571044921875,-0.5945587158203125,-0.19805908203125,0.0722503662109375,0.0806884765625,-0.0584716796875,0.3994903564453125,3.1824798583984375,4.413848876953125,6.528961181640625,9.743499755859375,12.690460205078125,16.730316162109375,22.237457275390625,24.614532470703125,25.258712768554688,26.610107421875,29.792724609375,32.53633117675781,34.87336730957031,32.00675964355469,20.568923950195312,1.6531982421875,3.5054168701171875,7.482208251953125,8.91717529296875,8.37078857421875,7.606719970703125,6.86431884765625,6.23968505859375,5.8413238525390625,5.88958740234375,6.3021392822265625,7.21624755859375,8.177978515625,9.77508544921875,9.99798583984375,10.033218383789062,7.9611663818359375,9.990280151367188,11.350875854492188,15.222885131835938,17.747146606445312,18.246673583984375,18.793350219726562,13.577407836914062,11.015335083007812,8.440582275390625,7.001129150390625,-0.1340179443359375,-6.2980499267578125
109026.0,1053314.0,-2146753.4671134874,2073657.6163107248,2002-01-06,7,2002,1,296.83856201171875,295.00628662109375,293.3978271484375,291.7276916503906,290.1861877441406,288.5141906738281,286.82525634765625,284.9910888671875,283.1356506347656,281.93524169921875,283.24462890625,282.89764404296875,282.013671875,279.58416748046875,276.35186767578125,272.8641357421875,269.1374816894531,263.2881164550781,256.07415771484375,248.29971313476562,243.0051727294922,241.48777770996094,235.73301696777344,228.8399658203125,222.5520477294922,214.7656707763672,207.17654418945312,199.3572540283203,190.6295623779297,144.4052734375,366.783447265625,592.9722290039062,823.2034912109375,1058.53076171875,1298.23486328125,1544.008056640625,1795.1201171875,2052.927734375,2315.73193359375,2587.6962890625,2870.236083984375,3160.5576171875,3771.496826171875,4423.982421875,5124.8642578125,5881.63671875,6704.75,7600.765625,8586.5625,9692.625,10309.81640625,10977.984375,11694.96484375,12474.0546875,13328.86328125,14281.84765625,15366.61328125,16641.26171875,0.25,0.25,0.25,0.25,0.25,0.25,0.25,0.25,0.25,0.25,0.25,0.25,0.25,0.30343925952911377,0.19996261596679688,-6.400634765625,-7.1346588134765625,-8.39190673828125,-9.031173706054688,-7.6400299072265625,-7.64569091796875,-7.555450439453125,-6.794525146484375,-6.69342041015625,-7.1484832763671875,-7.9355316162109375,-8.80487060546875,-9.1033935546875,-11.180374145507812,-15.509506225585938,-11.679595947265625,-9.272781372070312,-8.886581420898438,-9.336135864257812,-9.546524047851562,-3.059417724609375,2.5841522216796875,2.9856414794921875,1.8914337158203125,-1.2142486572265625,-1.142303466796875,0.331756591796875,-3.2751007080078125,-4.201020240783691,-0.9045257568359375,-0.94195556640625,-0.37744140625,0.7772674560546875,1.95880126953125,2.6333160400390625,2.0359649658203125,1.2241058349609375,0.559661865234375,-0.4115447998046875,-0.62939453125,0.247467041015625,0.470855712890625,-0.820587158203125,-6.5604400634765625,-11.922698974609375,-13.1138916015625,-13.609527587890625,-12.811599731445312,-13.996139526367188,-15.482696533203125,-13.925567626953125,-15.009902954101562,-16.13751220703125,-21.467636108398438,-25.950439453125,-19.44268798828125,-19.612548828125,-17.874313354492188
109085.0,1053335.0,-2181694.304292463,1485521.924206595,2002-01-16,6,2002,1,296.5986328125,294.4232177734375,292.32489013671875,290.7322998046875,289.3389892578125,287.79931640625,286.1815185546875,284.5421447753906,282.83941650390625,281.0953369140625,280.1097412109375,280.82476806640625,280.094482421875,277.1180725097656,275.81048583984375,274.5858154296875,270.0811767578125,263.8067932128906,256.844482421875,249.41249084472656,240.8995819091797,236.0374755859375,231.4053955078125,225.83920288085938,220.33624267578125,214.61569213867188,207.5661163330078,199.0379180908203,195.38584899902344,105.85231018066406,327.3480224609375,552.1258544921875,781.869384765625,1016.296142578125,1255.747802734375,1501.438232421875,1751.677001953125,2008.29833984375,2271.524658203125,2541.728759765625,2819.97802734375,3110.019287109375,3715.68359375,4363.9794921875,5066.73046875,5828.2890625,6652.3203125,7550.9140625,8540.796875,9648.69140625,10256.30078125,10908.6875,11614.76171875,12384.33203125,13235.6484375,14188.23828125,15274.9296875,16557.2890625,0.5,0.5,0.25,0.25,0.25,0.25,0.25,0.25,0.20000000298023224,0.25,0.25,0.20000000298023224,0.20000000298023224,0.2007608413696289,0.19998636841773987,-5.53021240234375,-5.723846435546875,-5.850433349609375,-6.46221923828125,-8.03753662109375,-6.77984619140625,-4.5321807861328125,-2.8187713623046875,-2.5777740478515625,-3.4307861328125,-4.7884368896484375,-6.079071044921875,-6.3119049072265625,-5.14837646484375,-1.37738037109375,2.8871612548828125,5.8905487060546875,7.4779510498046875,5.17230224609375,5.738372802734375,8.268768310546875,11.70599365234375,12.7442626953125,12.568902015686035,12.461803436279297,10.687308311462402,9.404093742370605,9.522171020507812,3.0641136169433594,-2.85675048828125,-2.9375152587890625,-2.94512939453125,-2.4764251708984375,-1.566741943359375,-1.1944732666015625,-1.3137054443359375,-1.607208251953125,-1.7575225830078125,-2.6212310791015625,-3.9193572998046875,-5.1011505126953125,-5.5955810546875,-9.378982543945312,-12.9520263671875,-12.541351318359375,-10.756072998046875,-10.634841918945312,-13.240768432617188,-17.779800415039062,-19.105972290039062,-19.029373168945312,-16.551986694335938,-16.873138427734375,-16.82611083984375,-17.824356079101562,-16.84014892578125,-18.017105102539062,-16.40484619140625
109085.0,1053335.0,-2240518.9140524897,1524266.9917194764,2002-01-14,6,2002,1,296.8333740234375,294.79974365234375,293.1107177734375,291.3050231933594,289.48052978515625,287.80804443359375,286.26800537109375,284.7386474609375,283.3428039550781,282.2581787109375,280.69964599609375,279.01922607421875,277.4088134765625,274.41058349609375,273.642333984375,272.25579833984375,269.7108154296875,263.1271057128906,257.1756896972656,249.21653747558594,242.2477264404297,238.12753295898438,232.968017578125,226.86813354492188,220.47315979003906,213.60293579101562,206.926513671875,198.31201171875,193.4044647216797,134.41455078125,357.62286376953125,583.3543701171875,813.27294921875,1048.291015625,1287.624267578125,1533.005859375,1783.873291015625,2040.961181640625,2304.991943359375,2576.705810546875,2855.438720703125,3142.3095703125,3743.400390625,4386.10595703125,5082.75,5840.5703125,6663.7890625,7560.55859375,8551.37890625,9660.19921875,10272.5859375,10930.203125,11640.546875,12412.47265625,13261.26171875,14209.78125,15292.73046875,16567.640625,0.5,0.25,0.25,0.25,0.25,0.25,0.25,0.25,0.25,0.25,0.25,0.25,0.25,0.18848352134227753,0.19999560713768005,-5.1820526123046875,-5.531036376953125,-6.8280181884765625,-7.492095947265625,-7.9499359130859375,-8.174423217773438,-7.66552734375,-7.0543060302734375,-6.4745330810546875,-5.8447113037109375,-4.9449462890625,-4.0518035888671875,-3.4398956298828125,-3.4708099365234375,-9.932861328125,-6.0816650390625,-2.1592254638671875,-4.7652740478515625,-2.9185333251953125,-3.07147216796875,3.242584228515625,4.6992034912109375,5.4176483154296875,7.66754150390625,10.656393051147461,12.785717964172363,15.634533882141113,12.385252952575684,3.725811004638672,5.6790618896484375,5.8798828125,5.120086669921875,4.4088897705078125,3.424774169921875,2.292083740234375,1.024383544921875,0.3345947265625,0.325958251953125,0.6275634765625,0.8891448974609375,1.4427642822265625,2.5184173583984375,0.567901611328125,-5.872650146484375,-11.625045776367188,-11.40704345703125,-14.050811767578125,-14.200241088867188,-12.958969116210938,-11.30438232421875,-13.186737060546875,-11.821945190429688,-9.351181030273438,-8.326934814453125,-11.661056518554688,-10.664825439453125,-16.552047729492188,-11.751922607421875
130907.0,1108673.0,-2025543.2552430336,1163911.2186450798,2002-01-26,9,2002,1,294.2177734375,292.1312255859375,290.4110107421875,290.3836364746094,290.0741271972656,289.35546875,288.2403259277344,286.9117126464844,285.50439453125,284.04217529296875,282.5859375,281.16119384765625,279.85595703125,277.7742919921875,275.161865234375,271.0779724121094,266.33966064453125,262.0285949707031,258.00018310546875,251.62179565429688,243.078369140625,238.39157104492188,233.05580139160156,227.6912384033203,221.8277587890625,215.821044921875,208.24295043945312,199.1280059814453,193.4124755859375,96.01904296875,315.47869873046875,538.85888671875,767.4345703125,1001.845947265625,1243.113037109375,1490.55029296875,1743.3955078125,2003.744873046875,2269.4541015625,2543.052001953125,2824.2568359375,3113.72900390625,3722.197998046875,4371.99072265625,5071.91015625,5823.0703125,6639.36328125,7536.578125,8536.04296875,9654.10546875,10267.796875,10926.04296875,11636.86328125,12412.83984375,13269.890625,14226.66015625,15315.15625,16592.57421875,0.5,0.5,0.5,0.25,0.25,0.25,0.25,0.25,0.25,0.25,0.25,0.25,0.25,0.20040102303028107,0.19999989867210388,-10.99981689453125,-12.376190185546875,-14.205825805664062,-19.19287109375,-21.089706420898438,-20.015625,-18.5965576171875,-17.690338134765625,-16.924392700195312,-16.000656127929688,-14.608154296875,-12.6756591796875,-10.4605712890625,-7.135406494140625,-2.98223876953125,-4.72003173828125,-7.8544769287109375,-12.013046264648438,-14.940933227539062,-11.505844116210938,0.4295196533203125,8.0706787109375,14.107879638671875,21.48065185546875,24.092208862304688,25.660064697265625,29.481975555419922,26.796859741210938,19.176462173461914,0.52142333984375,0.2058258056640625,-0.2816162109375,0.5352325439453125,3.1484527587890625,4.796722412109375,5.357330322265625,5.4648590087890625,5.53009033203125,5.5796356201171875,5.4824676513671875,5.3564300537109375,5.3439483642578125,6.1338653564453125,6.5336761474609375,7.697418212890625,8.988006591796875,5.012786865234375,-5.6147613525390625,-11.002227783203125,-8.222686767578125,-3.3309783935546875,-0.0505523681640625,-2.1551971435546875,-3.645751953125,-8.074996948242188,-13.927963256835938,-16.580795288085938,-13.079025268554688
109085.0,1053335.0,-2209451.6888467856,1610883.371366906,2002-01-15,6,2002,1,296.6025390625,294.429931640625,292.25628662109375,290.7965087890625,289.28173828125,287.9361877441406,286.44317626953125,284.90447998046875,283.2940673828125,281.6053466796875,280.00738525390625,279.5862731933594,279.249267578125,277.9293212890625,275.99603271484375,273.00823974609375,268.49835205078125,262.5989685058594,255.80880737304688,249.4913787841797,240.4297637939453,234.86392211914062,230.12156677246094,224.58155822753906,219.66241455078125,213.8290557861328,207.4917449951172,199.73777770996094,195.99717712402344,130.9528045654297,352.70269775390625,577.2522583007812,806.4853515625,1040.81201171875,1279.7353515625,1525.09716796875,1775.87841796875,2033.396728515625,2296.69482421875,2567.442626953125,2845.928955078125,3133.666259765625,3740.06494140625,4389.4677734375,5090.3359375,5847.2578125,6667.41796875,7561.51171875,8550.37109375,9658.234375,10263.4765625,10912.2890625,11614.19921875,12380.921875,13228.8984375,14179.3984375,15267.66015625,16555.49609375,0.5,0.375,0.25,0.25,0.25,0.25,0.25,0.25,0.20000000298023224,0.25,0.25,0.25,0.25,0.3843550682067871,0.19999989867210388,-5.50311279296875,-5.452423095703125,-5.321197509765625,-5.6599273681640625,-5.829833984375,-5.130523681640625,-4.1430511474609375,-3.575408935546875,-3.278076171875,-2.8477630615234375,-2.473052978515625,-2.685333251953125,-4.7714080810546875,-9.870285034179688,-6.875242233276367,-2.0388641357421875,2.09027099609375,4.265352249145508,4.1815643310546875,1.3709564208984375,0.774993896484375,1.9863739013671875,6.3110504150390625,11.978557586669922,18.424163818359375,21.464492797851562,20.124832153320312,17.3533935546875,12.433091163635254,0.3945159912109375,0.2764892578125,0.13165283203125,-0.647552490234375,-1.3425750732421875,-1.9338226318359375,-2.7766571044921875,-3.88824462890625,-5.1983489990234375,-6.077728271484375,-6.628631591796875,-6.766204833984375,-7.197357177734375,-10.635726928710938,-12.082473754882812,-9.718719482421875,-5.7614898681640625,-3.779205322265625,-9.209381103515625,-16.647598266601562,-21.458038330078125,-23.942611694335938,-23.177337646484375,-18.82586669921875,-12.076583862304688,-14.715438842773438,-16.74456787109375,-21.0931396484375,-13.262451171875
131201.0,1109540.0,-1012316.6326885228,1239453.342845685,2002-01-28,3,2002,1,294.5988464355469,292.6168212890625,291.171142578125,290.0999755859375,289.7777099609375,288.8673095703125,287.6275634765625,286.3038330078125,284.9647216796875,283.60052490234375,282.14251708984375,280.62451171875,278.9742431640625,275.7010803222656,272.1312255859375,270.35699462890625,266.5514221191406,262.2298583984375,257.43145751953125,249.87631225585938,241.44314575195312,237.14036560058594,233.01290893554688,226.9199981689453,220.51023864746094,213.6688232421875,207.54507446289062,202.22177124023438,198.5455322265625,109.21142578125,329.43231201171875,552.9730224609375,781.137939453125,1015.558349609375,1255.7802734375,1502.8857421875,1754.78759765625,2014.265380859375,2279.718017578125,2552.23095703125,2832.939208984375,3121.640625,3726.390625,4370.2431640625,5063.90625,5814.69921875,6633.70703125,7530.64453125,8525.63671875,9634.41796875,10244.3984375,10900.43359375,11610.73828125,12383.22265625,13231.8125,14182.55078125,15275.82421875,16583.01171875,0.75,0.25,0.25,0.25,0.25,0.25,0.25,0.25,0.25,0.20000000298023224,0.20000000298023224,0.20000000298023224,0.20000000298023224,0.19784003496170044,0.19996337592601776,-8.764434814453125,-9.965469360351562,-12.419189453125,-14.620040893554688,-13.866073608398438,-13.154251098632812,-12.951431274414062,-12.617721557617188,-11.926849365234375,-11.254486083984375,-10.775863647460938,-10.308609008789062,-9.9652099609375,-9.823760986328125,-8.424896240234375,-3.6456298828125,2.02191162109375,-1.4597015380859375,-7.4300537109375,-6.85418701171875,-6.8385772705078125,-1.450347900390625,6.114302635192871,9.323720932006836,13.382375717163086,12.38231372833252,8.15975284576416,4.175459861755371,9.299954414367676,-4.2743377685546875,-4.647430419921875,-4.3005218505859375,-2.5873565673828125,-2.1976165771484375,-1.9329986572265625,-1.2827606201171875,-0.7617034912109375,-0.466094970703125,-0.1593475341796875,0.210540771484375,0.7139434814453125,1.4522552490234375,4.389068603515625,7.457611083984375,10.050216674804688,9.9234619140625,3.680206298828125,-1.690399169921875,-3.0520782470703125,3.4486846923828125,5.5938720703125,-0.363433837890625,-2.48236083984375,-6.31256103515625,-7.4333953857421875,-18.858551025390625,-18.887008666992188,-1.910675048828125
149954.0,1108666.0,-2181264.572403321,1728835.7122995527,2002-01-18,11,2002,1,295.3442687988281,293.28369140625,291.4166259765625,289.560791015625,287.58587646484375,285.4070739746094,283.55047607421875,283.00006103515625,282.0916748046875,281.34033203125,280.5806884765625,279.51202392578125,278.2140808105469,276.44091796875,275.0413818359375,272.07696533203125,267.57220458984375,261.9814453125,255.90481567382812,248.5023651123047,240.66358947753906,236.33563232421875,231.80706787109375,226.2520751953125,220.2184600830078,213.78958129882812,207.2955322265625,200.25880432128906,194.49513244628906,125.36767578125,346.35968017578125,570.86962890625,799.103271484375,1031.226806640625,1268.7705078125,1512.025634765625,1759.929443359375,2015.744140625,2277.46142578125,2547.818115234375,2826.3330078125,3114.111083984375,3715.181884765625,4362.912109375,5060.4921875,5814.265625,6631.6484375,7525.2109375,8512.34765625,9616.41796875,10224.1640625,10877.734375,11585.2265625,12355.48046875,13203.94140625,14154.11328125,15242.37109375,16530.234375,0.625,0.5,0.5,0.25,0.25,0.25,0.20000000298023224,0.25,0.25,0.20000000298023224,0.20000000298023224,0.20000000298023224,0.20000000298023224,0.20651474595069885,0.19999969005584717,-7.919219970703125,-8.40240478515625,-9.619384765625,-10.259628295898438,-10.821746826171875,-10.991744995117188,-12.126312255859375,-12.811019897460938,-10.473220825195312,-7.0628204345703125,-4.0638580322265625,-2.2894439697265625,-1.6824493408203125,-5.0337677001953125,-9.815536499023438,-7.2888641357421875,-2.8801116943359375,-0.371978759765625,4.4298248291015625,9.894729614257812,15.9241943359375,20.9019775390625,23.932785034179688,24.912216186523438,24.088699340820312,24.157161712646484,22.477306365966797,20.56841468811035,14.483956336975098,-5.5464019775390625,-5.8889007568359375,-6.6132965087890625,-6.98944091796875,-7.3779144287109375,-7.5451507568359375,-8.295196533203125,-8.000564575195312,-6.5910797119140625,-5.406463623046875,-4.34063720703125,-3.2330322265625,-2.4798583984375,-5.5900115966796875,-11.054122924804688,-12.390869140625,-14.65106201171875,-16.822372436523438,-15.231948852539062,-12.644027709960938,-7.1185760498046875,-8.894012451171875,-9.689300537109375,-8.927642822265625,-7.25531005859375,-8.557601928710938,-7.4184417724609375,-7.31243896484375,-2.0043182373046875
149954.0,1108666.0,-2178731.2959169466,1674381.441295907,2002-01-11,11,2002,1,296.068603515625,293.9020080566406,291.865234375,290.0484619140625,288.2996826171875,287.0771484375,285.73321533203125,284.51470947265625,283.11749267578125,281.65692138671875,280.2964172363281,279.4083251953125,277.88885498046875,275.62542724609375,274.6291198730469,273.52996826171875,270.20135498046875,264.4072265625,258.4576721191406,250.6094207763672,240.94081115722656,236.68167114257812,231.33094787597656,225.53875732421875,220.2836151123047,213.45721435546875,205.23423767089844,198.90406799316406,195.43927001953125,150.3738555908203,371.9517517089844,596.6243896484375,825.4765625,1058.659912109375,1297.037353515625,1541.467529296875,1791.511962890625,2048.743408203125,2312.5625,2582.967041015625,2861.904296875,3149.387451171875,3750.487548828125,4396.7841796875,5096.2109375,5856.43359375,6681.9375,7583.17578125,8580.53125,9689.22265625,10297.7890625,10951.56640625,11656.3125,12426.1015625,13275.1015625,14219.05859375,15297.3515625,16582.51953125,0.625,0.6875,0.4000000059604645,0.5,0.25,0.25,0.25,0.25,0.25,0.25,0.25,0.25,0.25,0.20000000298023224,0.19986076653003693,-4.5945281982421875,-4.495941162109375,-4.5894012451171875,-5.2877960205078125,-6.000244140625,-4.35675048828125,-2.9873046875,-1.9130859375,-1.0580291748046875,-0.522552490234375,-0.327178955078125,-0.05731201171875,0.1798858642578125,0.5125274658203125,-0.3832855224609375,2.2933807373046875,5.16265869140625,5.725311279296875,13.098342895507812,15.382431030273438,15.052078247070312,13.887054443359375,13.72528076171875,14.492851257324219,12.949825286865234,8.409323692321777,3.9168643951416016,3.97210693359375,6.2807111740112305,-3.9236793518066406,-4.1441650390625,-4.368377685546875,-4.440216064453125,-3.469635009765625,-3.1852569580078125,-4.1490325927734375,-4.8828277587890625,-4.634735107421875,-3.7445526123046875,-3.2404327392578125,-3.082550048828125,-2.7015838623046875,1.015716552734375,4.65118408203125,-2.4349517822265625,-1.99542236328125,0.3155670166015625,-1.6056671142578125,-2.0537567138671875,0.858001708984375,4.6169281005859375,2.041473388671875,-6.804962158203125,-6.2750091552734375,-0.9046783447265625,4.084442138671875,5.242919921875,-1.851226806640625
149954.0,1108666.0,-2089164.1212916295,1766128.079929739,2002-01-08,11,2002,1,296.4416198730469,294.38623046875,292.5281066894531,290.99432373046875,291.136962890625,289.40594482421875,287.6666259765625,286.0665283203125,284.73822021484375,284.09381103515625,283.8780822753906,283.3518371582031,282.25152587890625,279.20245361328125,276.10113525390625,271.807373046875,267.994384765625,263.25177001953125,257.080810546875,249.94203186035156,242.89305114746094,237.17498779296875,231.74234008789062,226.21693420410156,220.4984130859375,214.7295379638672,208.41310119628906,201.58975219726562,195.21058654785156,134.31884765625,357.1671447753906,581.8031616210938,811.252685546875,1046.255615234375,1286.1220703125,1532.695556640625,1784.44287109375,2042.832275390625,2308.139404296875,2581.590576171875,2863.9501953125,3155.490966796875,3766.285888671875,4417.8408203125,5117.3349609375,5870.53125,6691.1875,7588.97265625,8579.30859375,9694.38671875,10306.3046875,10960.328125,11667.1953125,12437.91796875,13289.30078125,14244.0234375,15338.6875,16633.96484375,0.800000011920929,0.42500001192092896,0.5,0.25,0.25,0.25,0.25,0.25,0.25,0.25,0.25,0.25,0.25,0.20000000298023224,0.19942589104175568,-8.688993453979492,-9.38482666015625,-10.382476806640625,-11.400924682617188,-11.235137939453125,-10.380935668945312,-9.674346923828125,-9.1185302734375,-8.473922729492188,-8.074752807617188,-7.6610260009765625,-7.20855712890625,-6.8077392578125,-6.4367523193359375,-7.1027679443359375,-8.133102416992188,-8.989700317382812,-5.4434051513671875,-4.5259246826171875,-3.5065460205078125,-0.0279388427734375,2.001251220703125,2.562713623046875,1.921295166015625,0.5421295166015625,-0.3412933349609375,-1.580108642578125,-3.4753732681274414,-1.6939888000488281,-2.91943359375,-3.13592529296875,-3.218841552734375,-2.8887939453125,-2.5259857177734375,-2.0342254638671875,-1.5258636474609375,-0.4960784912109375,0.692047119140625,1.4105682373046875,1.03564453125,-0.0370635986328125,-1.0252227783203125,-3.4532318115234375,-5.7686920166015625,-7.117950439453125,-9.924453735351562,-9.227615356445312,-4.8492889404296875,-9.412368774414062,-11.8563232421875,-12.072189331054688,-12.965606689453125,-13.798568725585938,-14.528945922851562,-14.188308715820312,-14.233184814453125,-11.517013549804688,-4.581787109375
149954.0,1108666.0,-2165138.015359052,1766494.9731781278,2002-01-22,11,2002,1,297.45452880859375,295.2845153808594,293.414306640625,292.05938720703125,290.628662109375,289.15625,287.5837707519531,285.94659423828125,284.2179260253906,282.49212646484375,282.7646789550781,282.1224365234375,279.85980224609375,275.43023681640625,272.14581298828125,268.98101806640625,264.51165771484375,259.1711730957031,253.5634307861328,248.21514892578125,241.22393798828125,236.11326599121094,230.1354522705078,224.3101043701172,220.76168823242188,214.97972106933594,208.13623046875,201.77403259277344,196.79959106445312,110.48388671875,332.83123779296875,558.2178344726562,788.946044921875,1024.332763671875,1265.115478515625,1511.48583984375,1763.176025390625,2021.80029296875,2285.708251953125,2557.660888671875,2839.311767578125,3129.295166015625,3733.50634765625,4376.2314453125,5067.8671875,5813.40234375,6623.25,7507.40234375,8490.0,9597.0859375,10205.0390625,10856.43359375,11557.51953125,12325.67578125,13178.37890625,14133.0,15227.17578125,16527.1484375,0.75,1.25,1.25,1.0,0.5,0.25,0.25,0.25,0.25,0.25,0.20000000298023224,0.20000000298023224,0.25,0.21045207977294922,0.20000000298023224,-13.0797119140625,-13.947372436523438,-15.263885498046875,-18.094573974609375,-20.038955688476562,-18.912033081054688,-16.71044921875,-14.782745361328125,-12.925445556640625,-11.326904296875,-10.100814819335938,-8.740753173828125,-6.8795013427734375,-3.9682464599609375,-3.322601318359375,-2.096099853515625,1.08966064453125,2.5814971923828125,5.1485595703125,10.480484008789062,14.988739013671875,18.442337036132812,22.802078247070312,26.143051147460938,27.440567016601562,28.538986206054688,26.105880737304688,19.689529418945312,13.570785522460938,0.9388885498046875,1.096771240234375,1.8180084228515625,4.4931182861328125,7.5709075927734375,7.729827880859375,6.4722442626953125,5.506927490234375,5.313262939453125,5.7480010986328125,5.5751190185546875,3.773162841796875,2.0157318115234375,2.3106231689453125,2.74755859375,3.1361541748046875,4.3244171142578125,4.9822845458984375,8.8740234375,11.59521484375,12.956695556640625,10.455810546875,7.6351776123046875,4.8455657958984375,0.8799896240234375,-1.1757354736328125,-3.6216278076171875,-6.420623779296875,1.1057281494140625
149954.0,1108666.0,-2049386.699264966,1761213.6596863556,2002-01-29,11,2002,1,294.3909912109375,292.4244384765625,290.8702392578125,290.38702392578125,289.57708740234375,288.3204345703125,287.02581787109375,285.7400207519531,284.37701416015625,283.0091247558594,281.62982177734375,280.2266845703125,278.8086853027344,275.59295654296875,271.6904296875,269.76708984375,265.7581787109375,262.04620361328125,257.30230712890625,250.6625518798828,242.14613342285156,237.26963806152344,232.1695098876953,226.60337829589844,219.52963256835938,213.9302215576172,208.94827270507812,202.44093322753906,196.8884735107422,130.74002075195312,351.13800048828125,574.6611328125,803.38525390625,1037.318115234375,1276.752197265625,1522.78076171875,1774.1376953125,2032.695556640625,2297.393310546875,2569.80859375,2849.786865234375,3138.1494140625,3742.316650390625,4385.0068359375,5078.26171875,5826.54296875,6643.7109375,7540.4375,8536.203125,9650.17578125,10261.10546875,10916.70703125,11625.57421875,12394.3984375,13241.48828125,14195.5625,15294.73046875,16598.30078125,0.25,0.25,0.25,0.25,0.25,0.25,0.25,0.25,0.25,0.25,0.20000000298023224,0.20000000298023224,0.20000000298023224,0.20592088997364044,0.1999928504228592,-6.4886016845703125,-6.8012542724609375,-6.52001953125,-4.6228179931640625,-4.792083740234375,-4.76348876953125,-4.8574371337890625,-4.6836090087890625,-3.99871826171875,-3.091033935546875,-2.044403076171875,-0.9321136474609375,0.1706085205078125,2.7883758544921875,4.8555755615234375,3.1225433349609375,4.1555633544921875,7.80389404296875,10.8095703125,13.136444091796875,11.51739501953125,11.078506469726562,12.737960815429688,14.02203369140625,13.551358222961426,12.202902793884277,11.610123634338379,9.100314140319824,7.0011749267578125,-1.218048095703125,-0.9156341552734375,1.3846282958984375,3.765350341796875,2.8686370849609375,2.050811767578125,1.2166900634765625,0.5378570556640625,0.1198577880859375,0.18804931640625,0.5491180419921875,1.16278076171875,1.8931121826171875,5.531036376953125,9.496475219726562,7.20123291015625,3.3699951171875,1.803314208984375,0.48211669921875,-0.73309326171875,-1.4207000732421875,-1.0563201904296875,-1.9274749755859375,-4.3784942626953125,-5.3126373291015625,-6.8943939208984375,-4.86932373046875,-3.1425628662109375,-0.706939697265625
130903.0,1108664.0,-1970758.144958895,1713715.9641115095,2002-01-23,0,2002,1,296.7480773925781,294.5694580078125,292.4868469238281,291.2342529296875,290.1004943847656,288.87994384765625,287.51025390625,286.27349853515625,284.987060546875,283.65057373046875,282.24700927734375,280.828857421875,279.3017272949219,276.19879150390625,272.93890380859375,270.2975158691406,266.5759582519531,261.950439453125,256.39605712890625,249.1263885498047,240.4995880126953,236.97694396972656,233.2283477783203,228.0340118408203,221.817626953125,215.36907958984375,208.40528869628906,199.9599609375,193.52456665039062,113.9893798828125,335.201904296875,560.1307983398438,789.741455078125,1024.26171875,1264.81201171875,1511.33935546875,1762.967529296875,2022.537109375,2287.944091796875,2560.805419921875,2841.496826171875,3130.58349609375,3735.65283203125,4380.1748046875,5073.97265625,5824.625,6641.4921875,7536.23046875,8525.796875,9631.40234375,10239.921875,10896.2890625,11608.3671875,12384.765625,13240.03515625,14196.5078125,15287.51953125,16569.96875,0.75,1.0,1.0,0.25,0.25,0.25,0.25,0.25,0.25,0.25,0.25,0.20000000298023224,0.20000000298023224,0.20384016633033752,0.19998569786548615,-8.763992309570312,-9.032974243164062,-9.156829833984375,-11.943740844726562,-12.229873657226562,-10.741043090820312,-9.512283325195312,-8.506805419921875,-7.71221923828125,-7.441497802734375,-8.45556640625,-9.557357788085938,-9.843475341796875,-5.274383544921875,-2.721221923828125,-1.773651123046875,0.5883941650390625,4.132354736328125,9.94482421875,12.564208984375,16.205352783203125,17.946395874023438,19.79388427734375,22.392715454101562,21.8231201171875,21.114715576171875,20.26308822631836,21.037109375,21.130615234375,-2.6321563720703125,-2.7654266357421875,-2.828765869140625,-1.3842926025390625,0.8542022705078125,2.2422332763671875,3.223724365234375,4.8739166259765625,6.053955078125,6.3071441650390625,6.5785064697265625,7.3144378662109375,8.380813598632812,7.1270294189453125,4.1996307373046875,3.6661224365234375,3.5553131103515625,4.1223297119140625,4.3844757080078125,5.8577728271484375,3.1029052734375,1.181365966796875,-0.6916961669921875,-2.2950897216796875,-3.270751953125,-4.4853363037109375,-6.545867919921875,-9.457672119140625,-5.678375244140625
131199.0,1109525.0,-1234906.692213333,2092706.8124079232,2002-01-27,0,2002,1,296.3355407714844,294.18743896484375,292.0972900390625,290.787109375,289.7554931640625,288.5404052734375,287.30328369140625,286.07977294921875,284.77978515625,283.41754150390625,282.03900146484375,280.600830078125,279.01763916015625,275.6641540527344,272.09912109375,269.94622802734375,265.9179382324219,260.72235107421875,255.50372314453125,249.09169006347656,241.2538604736328,236.8179931640625,231.7322540283203,225.89476013183594,219.4584197998047,211.47256469726562,205.24200439453125,200.80337524414062,199.23583984375,122.449951171875,344.33740234375,568.8353881835938,797.816650390625,1031.6875,1272.128662109375,1518.350341796875,1770.036865234375,2029.26904296875,2294.276611328125,2566.899658203125,2847.481689453125,3136.003173828125,3740.815185546875,4384.14990234375,5078.03125,5827.08984375,6641.66796875,7532.9140625,8520.80859375,9629.89453125,10238.85546875,10893.0234375,11599.8046875,12368.625,13210.4296875,14150.90625,15233.8203125,16537.10546875,0.5,0.875,0.5,0.25,0.25,0.25,0.25,0.25,0.25,0.25,0.20000000298023224,0.20000000298023224,0.25,0.08241540193557739,0.19884605705738068,-8.55584716796875,-8.852294921875,-9.02166748046875,-10.930923461914062,-12.494384765625,-12.077194213867188,-9.50799560546875,-6.79083251953125,-5.4474639892578125,-5.1395263671875,-5.36285400390625,-5.7801361083984375,-6.2065887451171875,-7.0858306884765625,-7.0439453125,-5.571502685546875,-3.38116455078125,-0.98187255859375,6.101776123046875,9.884841918945312,16.18853759765625,18.093597412109375,22.818832397460938,22.896469116210938,33.52372360229492,36.571834564208984,44.75917434692383,30.860597610473633,15.58443546295166,-1.4437255859375,-1.431121826171875,-1.37774658203125,-0.6936187744140625,0.76904296875,1.20404052734375,1.42437744140625,2.8076324462890625,4.171875,4.92486572265625,5.235015869140625,5.607086181640625,6.2346343994140625,7.8527679443359375,10.225173950195312,10.163558959960938,9.179611206054688,-2.1060028076171875,-8.114303588867188,-4.8635406494140625,-0.225189208984375,3.7609405517578125,3.983062744140625,7.8831329345703125,5.4986724853515625,3.541015625,-6.7017364501953125,-18.836700439453125,-16.1373291015625
150456.0,1109536.0,-1306315.7794197388,1783203.140177437,2002-01-14,4,2002,1,296.0989990234375,294.09661865234375,292.1419677734375,290.6331481933594,289.77740478515625,288.51116943359375,287.14300537109375,285.6136474609375,283.9678039550781,282.6331787109375,281.01214599609375,279.20672607421875,277.5494384765625,276.51995849609375,274.892333984375,272.24017333984375,268.9608154296875,262.3771057128906,256.9725646972656,249.10716247558594,242.5602264404297,238.08065795898438,232.858642578125,226.77438354492188,220.14503479003906,213.33731079101562,206.864013671875,197.85888671875,193.2638397216797,134.41455078125,356.62286376953125,581.3543701171875,810.27294921875,1044.791015625,1284.124267578125,1530.505859375,1781.873291015625,2040.461181640625,2304.991943359375,2576.705810546875,2855.938720703125,3142.8095703125,3744.900390625,4392.10595703125,5089.75,5847.0703125,6666.7890625,7563.05859375,8552.37890625,9662.19921875,10274.5859375,10932.203125,11641.546875,12412.47265625,13260.26171875,14208.28125,15290.23046875,16562.640625,0.75,0.5,0.25,0.25,0.25,0.25,0.25,0.25,0.25,0.25,0.25,0.25,0.25,0.18848352134227753,0.19999560713768005,-7.3695526123046875,-8.359161376953125,-9.296768188476562,-9.585845947265625,-9.215560913085938,-8.268173217773438,-7.74365234375,-7.5543060302734375,-7.2557830810546875,-6.4540863037109375,-5.0386962890625,-3.4268035888671875,-2.3930206298828125,-6.9708099365234375,-11.214111328125,-6.5504150390625,-4.7686004638671875,-4.5308990478515625,-2.8404083251953125,-0.29022216796875,8.461334228515625,9.308578491210938,9.995773315429688,11.80816650390625,13.422018051147461,14.910717964172363,16.650157928466797,15.432127952575684,5.288311004638672,-4.1334381103515625,-4.1357421875,-3.723663330078125,-2.4661102294921875,0.034149169921875,1.870208740234375,3.680633544921875,5.3189697265625,6.607208251953125,7.3150634765625,7.0610198974609375,5.9896392822265625,4.6590423583984375,-1.603973388671875,-8.075775146484375,-10.250045776367188,-10.50079345703125,-13.644561767578125,-14.325241088867188,-13.662094116210938,-12.74188232421875,-13.905487060546875,-13.321945190429688,-12.101181030273438,-13.701934814453125,-12.348556518554688,-10.461700439453125,-19.286422729492188,-14.251922607421875
150429.0,1109501.0,-1539706.2557606192,2796214.672721022,2002-01-17,7,2002,1,294.3895568847656,292.22137451171875,290.24981689453125,288.81915283203125,287.471435546875,285.9357604980469,284.2930603027344,282.5907287597656,280.88330078125,279.46380615234375,283.20166015625,282.4761657714844,281.17724609375,278.0458068847656,274.8309631347656,270.78363037109375,266.307373046875,261.0611572265625,255.04542541503906,247.58782958984375,239.3822784423828,235.47012329101562,231.27561950683594,226.7898712158203,221.33531188964844,214.5359344482422,206.4267578125,199.22288513183594,195.09255981445312,156.99160766601562,377.25244140625,600.387939453125,827.42138671875,1059.901123046875,1297.305908203125,1540.933349609375,1788.963134765625,2043.44873046875,2304.14501953125,2572.897705078125,2855.562255859375,3145.25732421875,3753.0322265625,4401.62890625,5097.76171875,5847.734375,6662.2578125,7552.16015625,8535.9375,9634.69921875,10240.16015625,10891.48828125,11598.9921875,12372.71875,13226.09375,14175.8046875,15258.30078125,16542.57421875,1.0,0.925000011920929,0.75,0.25,0.25,0.25,0.25,0.25,0.25,0.20000000298023224,0.20000000298023224,0.20000000298023224,0.25,0.20147553086280823,0.19974680244922638,-10.309844970703125,-10.730941772460938,-11.733917236328125,-13.974578857421875,-12.837799072265625,-10.842041015625,-8.771438598632812,-7.6928863525390625,-8.555679321289062,-10.4251708984375,-11.342758178710938,-11.101959228515625,-9.819107055664062,-9.93316650390625,-12.872528076171875,-11.715484619140625,-8.118667602539062,-4.531829833984375,0.60821533203125,3.5101776123046875,7.518707275390625,10.691192626953125,14.778167724609375,16.655487060546875,15.256219863891602,11.878189086914062,11.740829467773438,9.245574951171875,3.7456884384155273,-4.552398681640625,-4.861114501953125,-5.25469970703125,-5.8791961669921875,-6.01190185546875,-6.3993682861328125,-6.6266937255859375,-6.739715576171875,-6.719970703125,-6.844818115234375,-6.62158203125,-6.07257080078125,-6.396209716796875,-7.98834228515625,-11.004852294921875,-12.245376586914062,-12.440139770507812,-13.319137573242188,-13.404312133789062,-14.776809692382812,-13.731918334960938,-13.8472900390625,-13.588058471679688,-14.491043090820312,-15.733673095703125,-15.8497314453125,-4.2200927734375,-5.6486358642578125,-3.3125457763671875
151593.0,1111261.0,-758835.8680925961,2046227.8835451584,2002-01-22,2,2002,1,296.92327880859375,294.9407653808594,293.351806640625,291.79376220703125,290.034912109375,288.296875,286.4431457519531,284.58721923828125,282.8273010253906,282.10150146484375,281.9678039550781,280.7005615234375,278.76605224609375,275.10211181640625,271.89581298828125,268.13726806640625,263.40228271484375,258.3586730957031,252.8290557861328,246.76202392578125,239.05206298828125,234.87889099121094,228.7292022705078,223.2319793701172,220.88668823242188,215.52659606933594,208.58935546875,202.63340759277344,198.69021606445312,123.48388671875,346.33123779296875,572.7178344726562,802.946044921875,1037.332763671875,1277.615478515625,1523.98583984375,1774.676025390625,2031.80029296875,2294.708251953125,2566.660888671875,2846.811767578125,3135.295166015625,3738.00634765625,4380.2314453125,5070.8671875,5813.90234375,6620.25,7502.90234375,8480.5,9579.0859375,10183.0390625,10830.93359375,11527.01953125,12294.67578125,13149.37890625,14106.0,15203.17578125,16511.6484375,0.25,0.5,0.75,0.75,0.75,0.25,0.25,0.25,0.25,0.25,0.20000000298023224,0.20000000298023224,0.25,0.21045207977294922,0.20000000298023224,-8.9547119140625,-10.103622436523438,-11.935760498046875,-13.594573974609375,-14.742080688476562,-15.318283081054688,-14.08544921875,-12.313995361328125,-10.394195556640625,-7.951904296875,-7.3039398193359375,-6.818878173828125,-4.9576263427734375,-2.5307464599609375,-0.088226318359375,3.138275146484375,3.58966064453125,5.3627471923828125,8.6954345703125,14.496109008789062,20.223114013671875,25.051712036132812,25.880203247070312,29.361801147460938,32.73744201660156,36.42961120605469,34.65275573730469,25.877029418945312,14.586410522460938,-1.2954864501953125,-0.793853759765625,1.1617584228515625,3.8681182861328125,6.3677825927734375,8.948577880859375,9.206619262695312,7.506927490234375,5.813262939453125,5.2011260986328125,5.9188690185546875,5.616912841796875,4.4219818115234375,4.1387481689453125,3.57568359375,3.4174041748046875,4.1525421142578125,7.4197845458984375,10.9365234375,12.62646484375,13.925445556640625,10.674560546875,9.775802612304688,4.8299407958984375,-0.5106353759765625,-1.8944854736328125,-4.5747528076171875,-7.545623779296875,0.8869781494140625
151583.0,1111248.0,-583814.6772594819,2144510.275831546,2002-01-24,3,2002,1,296.79425048828125,294.647216796875,292.75079345703125,290.685302734375,289.166015625,288.61566162109375,287.51434326171875,286.17437744140625,285.03179931640625,283.9815673828125,282.79345703125,281.30548095703125,279.58502197265625,276.0885009765625,273.1688232421875,269.8305969238281,265.7801513671875,260.38775634765625,255.03343200683594,249.39993286132812,241.09291076660156,237.45779418945312,234.51683044433594,229.12588500976562,223.2261199951172,216.85845947265625,209.48399353027344,199.1884002685547,193.197509765625,121.57846069335938,344.1239929199219,569.4508056640625,799.125732421875,1032.579833984375,1272.357666015625,1518.510498046875,1770.31396484375,2029.46728515625,2294.55078125,2567.837890625,2849.0576171875,3138.39599609375,3743.065185546875,4387.45703125,5081.17578125,5829.859375,6643.15625,7532.79296875,8521.1953125,9628.265625,10238.0,10896.578125,11613.28515625,12393.62890625,13254.77734375,14216.8828125,15309.71484375,16586.23828125,0.75,1.0,0.875,1.25,0.375,0.25,0.25,0.25,0.25,0.25,0.20000000298023224,0.20000000298023224,0.20000000298023224,0.19800765812397003,0.19992122054100037,-12.98846435546875,-13.803878784179688,-14.85955810546875,-15.886810302734375,-16.89837646484375,-15.497543334960938,-13.60821533203125,-12.108154296875,-10.3287353515625,-8.450775146484375,-6.92169189453125,-5.8890533447265625,-5.2786407470703125,-5.152679443359375,-1.5242767333984375,1.56427001953125,2.1407012939453125,7.7245941162109375,9.879486083984375,8.977081298828125,19.79534912109375,27.03875732421875,32.32000732421875,33.75587463378906,28.923355102539062,19.585647583007812,8.529953002929688,3.6387786865234375,5.619293212890625,2.53936767578125,2.7586517333984375,3.29449462890625,3.9053192138671875,5.8267059326171875,6.7053985595703125,4.1758575439453125,2.5616455078125,1.5511322021484375,1.484527587890625,1.9710235595703125,2.5462646484375,2.7494964599609375,1.18145751953125,-0.020721435546875,-0.5452423095703125,-0.0844879150390625,-2.599609375,-3.214141845703125,-3.3937530517578125,-11.245880126953125,-10.965087890625,-11.35302734375,-11.873291015625,-12.691726684570312,-13.166305541992188,-11.265304565429688,-5.2862091064453125,-5.323638916015625
150435.0,1109510.0,-1757464.5294005636,2834385.474726792,2002-01-26,8,2002,1,296.0302734375,294.3656005859375,292.9110107421875,291.4148864746094,289.7928771972656,287.94921875,286.4903259277344,284.8648376464844,283.69189453125,284.41717529296875,283.3203125,281.86431884765625,280.74658203125,278.0399169921875,273.786865234375,269.6873474121094,265.73028564453125,260.9192199707031,254.9533233642578,247.65304565429688,238.609619140625,234.01657104492188,228.64955139160156,222.4412384033203,218.5621337890625,213.649169921875,208.05545043945312,201.2998809814453,197.1468505859375,139.51904296875,361.97869873046875,587.35888671875,817.4345703125,1052.345947265625,1291.113037109375,1536.55029296875,1787.3955078125,2044.744873046875,2309.4541015625,2583.552001953125,2864.7568359375,3154.72900390625,3763.197998046875,4411.49072265625,5105.41015625,5854.0703125,6669.36328125,7560.078125,8545.04296875,9643.60546875,10245.796875,10892.04296875,11587.36328125,12348.83984375,13194.390625,14147.16015625,15239.65625,16538.07421875,0.5,0.5,0.25,0.25,0.25,0.25,0.25,0.25,0.25,0.25,0.25,0.25,0.25,0.20040102303028107,0.19999989867210388,-11.79669189453125,-14.485565185546875,-16.143325805664062,-14.75537109375,-12.464706420898438,-12.21875,-11.3309326171875,-9.221588134765625,-8.315017700195312,-8.328781127929688,-8.248779296875,-8.0350341796875,-7.2418212890625,-2.807281494140625,4.56463623046875,11.51434326171875,16.161148071289062,18.393203735351562,18.902816772460938,19.244155883789062,17.476394653320312,22.4300537109375,22.467254638671875,26.21502685546875,33.15470886230469,40.050689697265625,41.51322555541992,31.640609741210938,23.707712173461914,-3.75982666015625,-3.2941741943359375,-0.9691162109375,1.4414825439453125,2.0078277587890625,1.421722412109375,0.279205322265625,-0.7070159912109375,0.49884033203125,2.1733856201171875,3.1855926513671875,4.0595550537109375,4.9689483642578125,6.9619903564453125,7.0649261474609375,4.025543212890625,3.097381591796875,2.637786865234375,2.5727386474609375,2.966522216796875,2.464813232421875,2.1690216064453125,2.1056976318359375,2.3760528564453125,1.401123046875,-0.4499969482421875,-2.2092132568359375,-2.7057952880859375,-3.4384002685546875
150457.0,1109537.0,-1512587.1365953416,1632479.8114342345,2002-01-22,1,2002,1,297.57952880859375,295.4251403808594,293.539306640625,292.10626220703125,290.738037109375,289.28125,287.7556457519531,286.14971923828125,284.4679260253906,282.82025146484375,283.4209289550781,282.7943115234375,280.26605224609375,275.61773681640625,272.11456298828125,268.94976806640625,264.73040771484375,259.7024230957031,253.9853057861328,248.44952392578125,241.86456298828125,236.53514099121094,231.1510772705078,224.3882293701172,220.80856323242188,214.91722106933594,208.27685546875,201.72715759277344,196.15896606445312,105.48388671875,328.33123779296875,553.7178344726562,784.446044921875,1019.832763671875,1260.615478515625,1507.48583984375,1759.676025390625,2018.30029296875,2282.708251953125,2554.160888671875,2837.311767578125,3127.295166015625,3732.00634765625,4374.7314453125,5065.8671875,5812.40234375,6623.25,7509.40234375,8492.5,9601.5859375,10211.5390625,10864.43359375,11568.01953125,12335.67578125,13188.87890625,14143.5,15238.17578125,16536.1484375,1.0,1.0,1.0,0.5,0.25,0.25,0.25,0.25,0.25,0.25,0.20000000298023224,0.20000000298023224,0.25,0.21045207977294922,0.20000000298023224,-13.9703369140625,-15.009872436523438,-16.420135498046875,-19.141448974609375,-20.788955688476562,-19.458908081054688,-17.47607421875,-15.501495361328125,-13.597320556640625,-12.233154296875,-10.803939819335938,-9.318878173828125,-7.4263763427734375,-4.3588714599609375,-3.447601318359375,-2.814849853515625,-0.33221435546875,1.9564971923828125,4.4141845703125,9.511734008789062,13.519989013671875,16.895462036132812,21.661453247070312,24.549301147460938,25.424942016601562,25.335861206054688,22.402755737304688,16.017654418945312,12.508285522460938,1.0482635498046875,1.221771240234375,1.8805084228515625,4.1337432861328125,7.3052825927734375,7.073577880859375,6.2691192626953125,5.897552490234375,6.172637939453125,6.2323760986328125,4.9501190185546875,2.679412841796875,1.0157318115234375,1.4512481689453125,2.70068359375,3.2611541748046875,4.4181671142578125,5.4666595458984375,10.1396484375,12.47021484375,13.503570556640625,11.221435546875,7.4945526123046875,4.8768157958984375,1.7393646240234375,-0.0038604736328125,-2.3403778076171875,-5.139373779296875,0.9026031494140625
151600.0,1111272.0,-826474.4014396961,1978511.77335384,2002-01-26,0,2002,1,295.9990234375,293.9281005859375,292.1922607421875,290.2273864746094,289.1366271972656,288.26171875,287.2090759277344,286.2398376464844,285.33251953125,284.49530029296875,283.9140625,283.06744384765625,281.71533203125,278.9930419921875,277.458740234375,273.4373474121094,269.18341064453125,262.5442199707031,255.3439483642578,248.46554565429688,240.890869140625,237.76657104492188,232.93080139160156,227.5349884033203,221.7340087890625,214.305419921875,207.74295043945312,199.2061309814453,195.2874755859375,114.01904296875,334.97869873046875,559.85888671875,789.4345703125,1023.345947265625,1263.113037109375,1509.05029296875,1760.3955078125,2019.744873046875,2285.4541015625,2559.552001953125,2842.2568359375,3133.72900390625,3744.197998046875,4398.49072265625,5103.41015625,5861.0703125,6683.86328125,7578.578125,8564.04296875,9669.10546875,10278.796875,10936.54296875,11647.36328125,12423.33984375,13275.390625,14227.66015625,15315.65625,16598.57421875,0.75,0.5,0.5,0.25,0.25,0.25,0.25,0.25,0.25,0.25,0.25,0.25,0.25,0.20040102303028107,0.19999989867210388,-12.28106689453125,-13.969940185546875,-15.393325805664062,-16.22412109375,-17.183456420898438,-16.578125,-15.3621826171875,-13.612213134765625,-12.221267700195312,-11.985031127929688,-12.358154296875,-12.2850341796875,-11.1636962890625,-7.979156494140625,-3.56036376953125,0.15496826171875,1.7705230712890625,7.1275787353515625,11.684066772460938,11.619155883789062,17.867019653320312,23.2738037109375,28.014129638671875,33.76190185546875,38.56095886230469,42.394439697265625,44.34135055541992,37.12498474121094,24.270212173461914,-0.68170166015625,-0.3722991943359375,0.2965087890625,0.8789825439453125,2.5234527587890625,1.968597412109375,1.404205322265625,0.2304840087890625,-0.92303466796875,-1.7016143798828125,-2.2050323486328125,-2.3779449462890625,-2.5154266357421875,-1.1161346435546875,0.7993011474609375,1.853668212890625,3.581756591796875,-3.174713134765625,-7.4272613525390625,-5.424102783203125,0.527313232421875,-1.0341033935546875,-0.9255523681640625,0.0323028564453125,-2.192626953125,-7.2937469482421875,-12.990463256835938,-14.158920288085938,-8.250900268554688
